,path,type,class,k0,k1,k2,k3,k4
7,D:\gyeongsang_22_10_14\PATCHES\STACK_75_BANDS_14_2\hdr\diseased\102_616.HDR,hdr,2,0.0,1.0,0.0,1.0,1.0
747,D:\gyeongsang_22_10_14\PATCHES\STACK_75_BANDS_14_2\hdr\leaf\90_805.HDR,hdr,1,0.0,0.0,0.0,1.0,1.0
12,D:\gyeongsang_22_10_14\PATCHES\STACK_75_BANDS_14_2\hdr\diseased\102_747.HDR,hdr,2,1.0,1.0,1.0,1.0,1.0
82,D:\gyeongsang_22_10_14\PATCHES\STACK_75_BANDS_14_2\hdr\diseased\89_807.HDR,hdr,2,0.0,0.0,0.0,1.0,1.0
56,D:\gyeongsang_22_10_14\PATCHES\STACK_75_BANDS_14_2\hdr\diseased\130_158.HDR,hdr,2,1.0,0.0,1.0,1.0,1.0
140,D:\gyeongsang_22_10_14\PATCHES\STACK_75_BANDS_14\hdr\background\115_355.HDR,hdr,0,0.0,0.0,0.0,1.0,1.0
184,D:\gyeongsang_22_10_14\PATCHES\STACK_75_BANDS_14_2\hdr\leaf\102_536.HDR,hdr,1,1.0,1.0,0.0,1.0,0.0
468,D:\gyeongsang_22_10_14\PATCHES\STACK_75_BANDS_14\hdr\background\88_68.HDR,hdr,0,1.0,1.0,0.0,1.0,0.0
25,D:\gyeongsang_22_10_14\PATCHES\STACK_75_BANDS_14_2\hdr\diseased\103_824.HDR,hdr,2,0.0,0.0,1.0,0.0,0.0
406,D:\gyeongsang_22_10_14\PATCHES\STACK_75_BANDS_14\hdr\background\88_166.HDR,hdr,0,0.0,1.0,0.0,1.0,0.0
379,D:\gyeongsang_22_10_14\PATCHES\STACK_75_BANDS_14\hdr\background\87_758.HDR,hdr,0,0.0,1.0,0.0,0.0,1.0
522,D:\gyeongsang_22_10_14\PATCHES\STACK_75_BANDS_14_2\hdr\leaf\130_172.HDR,hdr,1,0.0,1.0,0.0,1.0,0.0
355,D:\gyeongsang_22_10_14\PATCHES\STACK_75_BANDS_14_2\hdr\leaf\116_443.HDR,hdr,1,0.0,1.0,1.0,0.0,1.0
482,D:\gyeongsang_22_10_14\PATCHES\STACK_75_BANDS_14_2\hdr\leaf\117_97.HDR,hdr,1,0.0,0.0,0.0,0.0,0.0
583,D:\gyeongsang_22_10_14\PATCHES\STACK_75_BANDS_14_2\hdr\leaf\88_512.HDR,hdr,1,0.0,0.0,0.0,0.0,0.0
175,D:\gyeongsang_22_10_14\PATCHES\STACK_75_BANDS_14\hdr\background\116_160.HDR,hdr,0,0.0,0.0,0.0,0.0,0.0
26,D:\gyeongsang_22_10_14\PATCHES\STACK_75_BANDS_14\hdr\background\102_363.HDR,hdr,0,0.0,1.0,0.0,0.0,0.0
400,D:\gyeongsang_22_10_14\PATCHES\STACK_75_BANDS_14\hdr\background\88_156.HDR,hdr,0,1.0,1.0,0.0,0.0,0.0
628,D:\gyeongsang_22_10_14\PATCHES\STACK_75_BANDS_14_2\hdr\leaf\88_665.HDR,hdr,1,1.0,1.0,0.0,0.0,0.0
701,D:\gyeongsang_22_10_14\PATCHES\STACK_75_BANDS_14_2\hdr\leaf\89_583.HDR,hdr,1,0.0,1.0,0.0,1.0,0.0
87,D:\gyeongsang_22_10_14\PATCHES\STACK_75_BANDS_14_2\hdr\leaf\101_103.HDR,hdr,1,0.0,0.0,0.0,0.0,1.0
248,D:\gyeongsang_22_10_14\PATCHES\STACK_75_BANDS_14_2\hdr\leaf\103_506.HDR,hdr,1,1.0,1.0,0.0,1.0,1.0
310,D:\gyeongsang_22_10_14\PATCHES\STACK_75_BANDS_14\hdr\background\129_617.HDR,hdr,0,0.0,1.0,0.0,1.0,1.0
536,D:\gyeongsang_22_10_14\PATCHES\STACK_75_BANDS_14_2\hdr\leaf\130_320.HDR,hdr,1,0.0,1.0,0.0,1.0,0.0
684,D:\gyeongsang_22_10_14\PATCHES\STACK_75_BANDS_14_2\hdr\leaf\89_400.HDR,hdr,1,1.0,0.0,0.0,1.0,0.0
51,D:\gyeongsang_22_10_14\PATCHES\STACK_75_BANDS_14_2\hdr\diseased\117_38.HDR,hdr,2,0.0,1.0,1.0,1.0,1.0
120,D:\gyeongsang_22_10_14\PATCHES\STACK_75_BANDS_14\hdr\background\103_889.HDR,hdr,0,0.0,0.0,0.0,0.0,1.0
83,D:\gyeongsang_22_10_14\PATCHES\STACK_75_BANDS_14_2\hdr\diseased\89_852.HDR,hdr,2,0.0,1.0,0.0,0.0,0.0
276,D:\gyeongsang_22_10_14\PATCHES\STACK_75_BANDS_14\hdr\background\117_774.HDR,hdr,0,1.0,1.0,0.0,1.0,1.0
253,D:\gyeongsang_22_10_14\PATCHES\STACK_75_BANDS_14\hdr\background\117_310.HDR,hdr,0,0.0,1.0,0.0,0.0,0.0
457,D:\gyeongsang_22_10_14\PATCHES\STACK_75_BANDS_14\hdr\background\88_57.HDR,hdr,0,1.0,0.0,0.0,1.0,0.0
31,D:\gyeongsang_22_10_14\PATCHES\STACK_75_BANDS_14_2\hdr\diseased\116_197.HDR,hdr,2,0.0,1.0,1.0,0.0,1.0
65,D:\gyeongsang_22_10_14\PATCHES\STACK_75_BANDS_14_2\hdr\diseased\87_700.HDR,hdr,2,0.0,1.0,0.0,1.0,0.0
604,D:\gyeongsang_22_10_14\PATCHES\STACK_75_BANDS_14_2\hdr\leaf\88_592.HDR,hdr,1,0.0,0.0,0.0,0.0,0.0
685,D:\gyeongsang_22_10_14\PATCHES\STACK_75_BANDS_14_2\hdr\leaf\89_407.HDR,hdr,1,0.0,0.0,0.0,0.0,0.0
636,D:\gyeongsang_22_10_14\PATCHES\STACK_75_BANDS_14_2\hdr\leaf\88_704.HDR,hdr,1,0.0,0.0,0.0,0.0,0.0
737,D:\gyeongsang_22_10_14\PATCHES\STACK_75_BANDS_14_2\hdr\leaf\90_738.HDR,hdr,1,0.0,1.0,1.0,0.0,0.0
170,D:\gyeongsang_22_10_14\PATCHES\STACK_75_BANDS_14\hdr\background\115_843.HDR,hdr,0,0.0,0.0,0.0,0.0,0.0
318,D:\gyeongsang_22_10_14\PATCHES\STACK_75_BANDS_14\hdr\background\130_202.HDR,hdr,0,1.0,1.0,0.0,0.0,0.0
209,D:\gyeongsang_22_10_14\PATCHES\STACK_75_BANDS_14_2\hdr\leaf\103_130.HDR,hdr,1,0.0,0.0,1.0,0.0,0.0
499,D:\gyeongsang_22_10_14\PATCHES\STACK_75_BANDS_14_2\hdr\leaf\129_378.HDR,hdr,1,1.0,0.0,0.0,0.0,0.0
416,D:\gyeongsang_22_10_14\PATCHES\STACK_75_BANDS_14\hdr\background\88_184.HDR,hdr,0,0.0,0.0,0.0,0.0,0.0
366,D:\gyeongsang_22_10_14\PATCHES\STACK_75_BANDS_14_2\hdr\leaf\116_576.HDR,hdr,1,0.0,1.0,0.0,1.0,0.0
303,D:\gyeongsang_22_10_14\PATCHES\STACK_75_BANDS_14\hdr\background\129_469.HDR,hdr,0,0.0,1.0,1.0,0.0,0.0
386,D:\gyeongsang_22_10_14\PATCHES\STACK_75_BANDS_14_2\hdr\leaf\116_657.HDR,hdr,1,0.0,0.0,1.0,1.0,0.0
268,D:\gyeongsang_22_10_14\PATCHES\STACK_75_BANDS_14\hdr\background\117_688.HDR,hdr,0,1.0,0.0,1.0,0.0,0.0
202,D:\gyeongsang_22_10_14\PATCHES\STACK_75_BANDS_14\hdr\background\116_594.HDR,hdr,0,1.0,0.0,0.0,0.0,0.0
353,D:\gyeongsang_22_10_14\PATCHES\STACK_75_BANDS_14_2\hdr\leaf\116_427.HDR,hdr,1,0.0,1.0,1.0,1.0,0.0
306,D:\gyeongsang_22_10_14\PATCHES\STACK_75_BANDS_14\hdr\background\129_550.HDR,hdr,0,0.0,0.0,0.0,1.0,0.0
46,D:\gyeongsang_22_10_14\PATCHES\STACK_75_BANDS_14\hdr\background\102_656.HDR,hdr,0,1.0,0.0,1.0,0.0,0.0
221,D:\gyeongsang_22_10_14\PATCHES\STACK_75_BANDS_14\hdr\background\116_812.HDR,hdr,0,0.0,0.0,0.0,1.0,0.0
449,D:\gyeongsang_22_10_14\PATCHES\STACK_75_BANDS_14_2\hdr\leaf\117_633.HDR,hdr,1,0.0,0.0,0.0,1.0,1.0
429,D:\gyeongsang_22_10_14\PATCHES\STACK_75_BANDS_14\hdr\background\88_225.HDR,hdr,0,1.0,0.0,0.0,1.0,1.0
491,D:\gyeongsang_22_10_14\PATCHES\STACK_75_BANDS_14\hdr\background\88_861.HDR,hdr,0,1.0,1.0,1.0,0.0,1.0
381,D:\gyeongsang_22_10_14\PATCHES\STACK_75_BANDS_14_2\hdr\leaf\116_634.HDR,hdr,1,1.0,1.0,1.0,0.0,1.0
132,D:\gyeongsang_22_10_14\PATCHES\STACK_75_BANDS_14_2\hdr\leaf\102_205.HDR,hdr,1,0.0,1.0,0.0,0.0,1.0
440,D:\gyeongsang_22_10_14\PATCHES\STACK_75_BANDS_14\hdr\background\88_325.HDR,hdr,0,0.0,1.0,0.0,0.0,1.0
300,D:\gyeongsang_22_10_14\PATCHES\STACK_75_BANDS_14_2\hdr\leaf\115_330.HDR,hdr,1,0.0,0.0,0.0,0.0,0.0
186,D:\gyeongsang_22_10_14\PATCHES\STACK_75_BANDS_14\hdr\background\116_367.HDR,hdr,0,0.0,0.0,0.0,0.0,0.0
750,D:\gyeongsang_22_10_14\PATCHES\STACK_75_BANDS_14_2\hdr\leaf\90_817.HDR,hdr,1,1.0,1.0,0.0,0.0,0.0
30,D:\gyeongsang_22_10_14\PATCHES\STACK_75_BANDS_14_2\hdr\diseased\116_190.HDR,hdr,2,1.0,1.0,1.0,1.0,1.0
271,D:\gyeongsang_22_10_14\PATCHES\STACK_75_BANDS_14\hdr\background\117_719.HDR,hdr,0,1.0,1.0,0.0,0.0,0.0
503,D:\gyeongsang_22_10_14\PATCHES\STACK_75_BANDS_14_2\hdr\leaf\129_415.HDR,hdr,1,0.0,1.0,1.0,1.0,0.0
221,D:\gyeongsang_22_10_14\PATCHES\STACK_75_BANDS_14_2\hdr\leaf\103_214.HDR,hdr,1,0.0,0.0,0.0,1.0,0.0
380,D:\gyeongsang_22_10_14\PATCHES\STACK_75_BANDS_14_2\hdr\leaf\116_633.HDR,hdr,1,1.0,0.0,0.0,1.0,0.0
27,D:\gyeongsang_22_10_14\PATCHES\STACK_75_BANDS_14_2\hdr\diseased\115_380.HDR,hdr,2,0.0,0.0,0.0,1.0,0.0
238,D:\gyeongsang_22_10_14\PATCHES\STACK_75_BANDS_14\hdr\background\117_195.HDR,hdr,0,0.0,1.0,1.0,1.0,0.0
395,D:\gyeongsang_22_10_14\PATCHES\STACK_75_BANDS_14\hdr\background\88_137.HDR,hdr,0,0.0,0.0,0.0,0.0,0.0
311,D:\gyeongsang_22_10_14\PATCHES\STACK_75_BANDS_14_2\hdr\leaf\115_515.HDR,hdr,1,1.0,1.0,0.0,1.0,1.0
310,D:\gyeongsang_22_10_14\PATCHES\STACK_75_BANDS_14_2\hdr\leaf\115_503.HDR,hdr,1,0.0,1.0,0.0,1.0,1.0
506,D:\gyeongsang_22_10_14\PATCHES\STACK_75_BANDS_14\hdr\background\89_227.HDR,hdr,0,1.0,1.0,0.0,1.0,0.0
240,D:\gyeongsang_22_10_14\PATCHES\STACK_75_BANDS_14_2\hdr\leaf\103_338.HDR,hdr,1,1.0,0.0,1.0,0.0,1.0
214,D:\gyeongsang_22_10_14\PATCHES\STACK_75_BANDS_14_2\hdr\leaf\103_175.HDR,hdr,1,1.0,1.0,1.0,0.0,0.0
142,D:\gyeongsang_22_10_14\PATCHES\STACK_75_BANDS_14\hdr\background\115_371.HDR,hdr,0,0.0,1.0,0.0,1.0,0.0
671,D:\gyeongsang_22_10_14\PATCHES\STACK_75_BANDS_14_2\hdr\leaf\89_306.HDR,hdr,1,0.0,0.0,1.0,1.0,0.0
561,D:\gyeongsang_22_10_14\PATCHES\STACK_75_BANDS_14_2\hdr\leaf\130_877.HDR,hdr,1,0.0,0.0,1.0,0.0,0.0
454,D:\gyeongsang_22_10_14\PATCHES\STACK_75_BANDS_14_2\hdr\leaf\117_698.HDR,hdr,1,1.0,0.0,0.0,0.0,0.0
473,D:\gyeongsang_22_10_14\PATCHES\STACK_75_BANDS_14\hdr\background\88_720.HDR,hdr,0,0.0,1.0,1.0,0.0,1.0
275,D:\gyeongsang_22_10_14\PATCHES\STACK_75_BANDS_14_2\hdr\leaf\103_768.HDR,hdr,1,0.0,0.0,0.0,1.0,1.0
670,D:\gyeongsang_22_10_14\PATCHES\STACK_75_BANDS_14_2\hdr\leaf\89_301.HDR,hdr,1,0.0,1.0,0.0,0.0,0.0
390,D:\gyeongsang_22_10_14\PATCHES\STACK_75_BANDS_14_2\hdr\leaf\116_681.HDR,hdr,1,1.0,0.0,1.0,0.0,0.0
514,D:\gyeongsang_22_10_14\PATCHES\STACK_75_BANDS_14_2\hdr\leaf\129_476.HDR,hdr,1,1.0,0.0,0.0,1.0,0.0
146,D:\gyeongsang_22_10_14\PATCHES\STACK_75_BANDS_14\hdr\background\115_421.HDR,hdr,0,1.0,0.0,1.0,0.0,1.0
322,D:\gyeongsang_22_10_14\PATCHES\STACK_75_BANDS_14_2\hdr\leaf\115_749.HDR,hdr,1,0.0,0.0,1.0,0.0,1.0
20,D:\gyeongsang_22_10_14\PATCHES\STACK_75_BANDS_14_2\hdr\diseased\103_500.HDR,hdr,2,1.0,1.0,0.0,0.0,0.0
634,D:\gyeongsang_22_10_14\PATCHES\STACK_75_BANDS_14_2\hdr\leaf\88_687.HDR,hdr,1,0.0,0.0,0.0,0.0,0.0
339,D:\gyeongsang_22_10_14\PATCHES\STACK_75_BANDS_14_2\hdr\leaf\116_278.HDR,hdr,1,1.0,1.0,1.0,0.0,1.0
399,D:\gyeongsang_22_10_14\PATCHES\STACK_75_BANDS_14\hdr\background\88_147.HDR,hdr,0,1.0,1.0,1.0,1.0,0.0
393,D:\gyeongsang_22_10_14\PATCHES\STACK_75_BANDS_14_2\hdr\leaf\116_690.HDR,hdr,1,1.0,1.0,1.0,1.0,0.0
176,D:\gyeongsang_22_10_14\PATCHES\STACK_75_BANDS_14_2\hdr\leaf\102_495.HDR,hdr,1,0.0,0.0,0.0,0.0,1.0
332,D:\gyeongsang_22_10_14\PATCHES\STACK_75_BANDS_14_2\hdr\leaf\116_175.HDR,hdr,1,1.0,0.0,1.0,0.0,0.0
282,D:\gyeongsang_22_10_14\PATCHES\STACK_75_BANDS_14\hdr\background\117_863.HDR,hdr,0,0.0,0.0,1.0,1.0,0.0
126,D:\gyeongsang_22_10_14\PATCHES\STACK_75_BANDS_14\hdr\background\115_171.HDR,hdr,0,0.0,0.0,1.0,0.0,0.0
188,D:\gyeongsang_22_10_14\PATCHES\STACK_75_BANDS_14\hdr\background\116_398.HDR,hdr,0,1.0,0.0,1.0,0.0,1.0
334,D:\gyeongsang_22_10_14\PATCHES\STACK_75_BANDS_14_2\hdr\leaf\116_196.HDR,hdr,1,0.0,1.0,0.0,0.0,0.0
268,D:\gyeongsang_22_10_14\PATCHES\STACK_75_BANDS_14_2\hdr\leaf\103_700.HDR,hdr,1,1.0,0.0,1.0,0.0,0.0
338,D:\gyeongsang_22_10_14\PATCHES\STACK_75_BANDS_14\hdr\background\130_399.HDR,hdr,0,0.0,1.0,1.0,1.0,1.0
446,D:\gyeongsang_22_10_14\PATCHES\STACK_75_BANDS_14\hdr\background\88_39.HDR,hdr,0,0.0,1.0,0.0,0.0,0.0
424,D:\gyeongsang_22_10_14\PATCHES\STACK_75_BANDS_14_2\hdr\leaf\117_331.HDR,hdr,1,0.0,0.0,1.0,1.0,0.0
252,D:\gyeongsang_22_10_14\PATCHES\STACK_75_BANDS_14\hdr\background\117_283.HDR,hdr,0,1.0,0.0,1.0,0.0,0.0
443,D:\gyeongsang_22_10_14\PATCHES\STACK_75_BANDS_14_2\hdr\leaf\117_572.HDR,hdr,1,1.0,1.0,1.0,1.0,1.0
61,D:\gyeongsang_22_10_14\PATCHES\STACK_75_BANDS_14_2\hdr\diseased\130_785.HDR,hdr,2,1.0,1.0,0.0,0.0,0.0
135,D:\gyeongsang_22_10_14\PATCHES\STACK_75_BANDS_14\hdr\background\115_300.HDR,hdr,0,1.0,1.0,0.0,1.0,0.0
86,D:\gyeongsang_22_10_14\PATCHES\STACK_75_BANDS_14_2\hdr\diseased\89_888.HDR,hdr,2,0.0,1.0,0.0,0.0,0.0
338,D:\gyeongsang_22_10_14\PATCHES\STACK_75_BANDS_14_2\hdr\leaf\116_255.HDR,hdr,1,0.0,1.0,1.0,1.0,1.0
39,D:\gyeongsang_22_10_14\PATCHES\STACK_75_BANDS_14\hdr\background\102_547.HDR,hdr,0,1.0,0.0,1.0,1.0,1.0
176,D:\gyeongsang_22_10_14\PATCHES\STACK_75_BANDS_14\hdr\background\116_185.HDR,hdr,0,0.0,0.0,0.0,0.0,1.0
475,D:\gyeongsang_22_10_14\PATCHES\STACK_75_BANDS_14\hdr\background\88_74.HDR,hdr,0,1.0,0.0,0.0,0.0,0.0
659,D:\gyeongsang_22_10_14\PATCHES\STACK_75_BANDS_14_2\hdr\leaf\89_163.HDR,hdr,1,0.0,0.0,1.0,0.0,1.0
409,D:\gyeongsang_22_10_14\PATCHES\STACK_75_BANDS_14\hdr\background\88_17.HDR,hdr,0,0.0,1.0,1.0,0.0,0.0
526,D:\gyeongsang_22_10_14\PATCHES\STACK_75_BANDS_14_2\hdr\leaf\130_253.HDR,hdr,1,1.0,1.0,1.0,1.0,1.0
101,D:\gyeongsang_22_10_14\PATCHES\STACK_75_BANDS_14\hdr\background\103_722.HDR,hdr,0,0.0,0.0,0.0,0.0,1.0
49,D:\gyeongsang_22_10_14\PATCHES\STACK_75_BANDS_14\hdr\background\102_674.HDR,hdr,0,1.0,0.0,0.0,0.0,1.0
453,D:\gyeongsang_22_10_14\PATCHES\STACK_75_BANDS_14_2\hdr\leaf\117_686.HDR,hdr,1,1.0,0.0,0.0,0.0,1.0
293,D:\gyeongsang_22_10_14\PATCHES\STACK_75_BANDS_14\hdr\background\129_243.HDR,hdr,0,0.0,1.0,1.0,0.0,1.0
54,D:\gyeongsang_22_10_14\PATCHES\STACK_75_BANDS_14\hdr\background\102_713.HDR,hdr,0,1.0,0.0,1.0,0.0,0.0
242,D:\gyeongsang_22_10_14\PATCHES\STACK_75_BANDS_14\hdr\background\117_210.HDR,hdr,0,0.0,0.0,0.0,1.0,0.0
105,D:\gyeongsang_22_10_14\PATCHES\STACK_75_BANDS_14\hdr\background\103_756.HDR,hdr,0,0.0,1.0,1.0,1.0,1.0
309,D:\gyeongsang_22_10_14\PATCHES\STACK_75_BANDS_14_2\hdr\leaf\115_490.HDR,hdr,1,0.0,0.0,0.0,1.0,1.0
107,D:\gyeongsang_22_10_14\PATCHES\STACK_75_BANDS_14\hdr\background\103_770.HDR,hdr,0,1.0,1.0,1.0,1.0,1.0
24,D:\gyeongsang_22_10_14\PATCHES\STACK_75_BANDS_14_2\hdr\diseased\103_811.HDR,hdr,2,1.0,1.0,0.0,1.0,0.0
450,D:\gyeongsang_22_10_14\PATCHES\STACK_75_BANDS_14\hdr\background\88_46.HDR,hdr,0,0.0,0.0,1.0,0.0,1.0
283,D:\gyeongsang_22_10_14\PATCHES\STACK_75_BANDS_14\hdr\background\117_865.HDR,hdr,0,0.0,1.0,1.0,1.0,1.0
494,D:\gyeongsang_22_10_14\PATCHES\STACK_75_BANDS_14\hdr\background\88_888.HDR,hdr,0,1.0,0.0,0.0,0.0,1.0
372,D:\gyeongsang_22_10_14\PATCHES\STACK_75_BANDS_14\hdr\background\87_717.HDR,hdr,0,0.0,0.0,0.0,1.0,1.0
84,D:\gyeongsang_22_10_14\PATCHES\STACK_75_BANDS_14_2\hdr\diseased\89_875.HDR,hdr,2,0.0,0.0,1.0,0.0,0.0
417,D:\gyeongsang_22_10_14\PATCHES\STACK_75_BANDS_14_2\hdr\leaf\117_256.HDR,hdr,1,0.0,0.0,1.0,1.0,0.0
108,D:\gyeongsang_22_10_14\PATCHES\STACK_75_BANDS_14_2\hdr\leaf\101_284.HDR,hdr,1,0.0,0.0,1.0,1.0,1.0
408,D:\gyeongsang_22_10_14\PATCHES\STACK_75_BANDS_14\hdr\background\88_168.HDR,hdr,0,0.0,0.0,1.0,1.0,0.0
224,D:\gyeongsang_22_10_14\PATCHES\STACK_75_BANDS_14_2\hdr\leaf\103_241.HDR,hdr,1,1.0,1.0,0.0,0.0,0.0
17,D:\gyeongsang_22_10_14\PATCHES\STACK_75_BANDS_14\hdr\background\101_829.HDR,hdr,0,1.0,1.0,1.0,1.0,1.0
103,D:\gyeongsang_22_10_14\PATCHES\STACK_75_BANDS_14\hdr\background\103_738.HDR,hdr,0,1.0,1.0,0.0,0.0,0.0
589,D:\gyeongsang_22_10_14\PATCHES\STACK_75_BANDS_14_2\hdr\leaf\88_543.HDR,hdr,1,0.0,0.0,1.0,0.0,1.0
136,D:\gyeongsang_22_10_14\PATCHES\STACK_75_BANDS_14\hdr\background\115_31.HDR,hdr,0,1.0,0.0,1.0,0.0,1.0
412,D:\gyeongsang_22_10_14\PATCHES\STACK_75_BANDS_14_2\hdr\leaf\117_176.HDR,hdr,1,0.0,1.0,0.0,1.0,1.0
150,D:\gyeongsang_22_10_14\PATCHES\STACK_75_BANDS_14\hdr\background\115_477.HDR,hdr,0,0.0,0.0,0.0,1.0,1.0
43,D:\gyeongsang_22_10_14\PATCHES\STACK_75_BANDS_14_2\hdr\diseased\116_777.HDR,hdr,2,0.0,1.0,0.0,0.0,0.0
196,D:\gyeongsang_22_10_14\PATCHES\STACK_75_BANDS_14_2\hdr\leaf\102_654.HDR,hdr,1,0.0,0.0,1.0,0.0,0.0
611,D:\gyeongsang_22_10_14\PATCHES\STACK_75_BANDS_14_2\hdr\leaf\88_616.HDR,hdr,1,0.0,0.0,1.0,0.0,0.0
117,D:\gyeongsang_22_10_14\PATCHES\STACK_75_BANDS_14_2\hdr\leaf\101_390.HDR,hdr,1,0.0,0.0,0.0,0.0,0.0
37,D:\gyeongsang_22_10_14\PATCHES\STACK_75_BANDS_14\hdr\background\102_516.HDR,hdr,0,0.0,0.0,1.0,0.0,1.0
28,D:\gyeongsang_22_10_14\PATCHES\STACK_75_BANDS_14_2\hdr\diseased\115_409.HDR,hdr,2,0.0,0.0,0.0,0.0,0.0
76,D:\gyeongsang_22_10_14\PATCHES\STACK_75_BANDS_14_2\hdr\diseased\88_835.HDR,hdr,2,1.0,1.0,0.0,1.0,1.0
490,D:\gyeongsang_22_10_14\PATCHES\STACK_75_BANDS_14\hdr\background\88_853.HDR,hdr,0,0.0,0.0,1.0,0.0,1.0
298,D:\gyeongsang_22_10_14\PATCHES\STACK_75_BANDS_14\hdr\background\129_330.HDR,hdr,0,1.0,0.0,0.0,0.0,0.0
162,D:\gyeongsang_22_10_14\PATCHES\STACK_75_BANDS_14_2\hdr\leaf\102_442.HDR,hdr,1,0.0,1.0,0.0,0.0,0.0
266,D:\gyeongsang_22_10_14\PATCHES\STACK_75_BANDS_14_2\hdr\leaf\103_682.HDR,hdr,1,0.0,1.0,0.0,0.0,0.0
621,D:\gyeongsang_22_10_14\PATCHES\STACK_75_BANDS_14_2\hdr\leaf\88_642.HDR,hdr,1,1.0,1.0,0.0,0.0,0.0
18,D:\gyeongsang_22_10_14\PATCHES\STACK_75_BANDS_14\hdr\background\101_833.HDR,hdr,0,1.0,0.0,1.0,0.0,1.0
9,D:\gyeongsang_22_10_14\PATCHES\STACK_75_BANDS_14_2\hdr\diseased\102_719.HDR,hdr,2,1.0,0.0,0.0,1.0,0.0
252,D:\gyeongsang_22_10_14\PATCHES\STACK_75_BANDS_14_2\hdr\leaf\103_541.HDR,hdr,1,1.0,0.0,1.0,0.0,0.0
731,D:\gyeongsang_22_10_14\PATCHES\STACK_75_BANDS_14_2\hdr\leaf\90_703.HDR,hdr,1,0.0,0.0,0.0,0.0,0.0
412,D:\gyeongsang_22_10_14\PATCHES\STACK_75_BANDS_14\hdr\background\88_18.HDR,hdr,0,0.0,1.0,0.0,1.0,1.0
496,D:\gyeongsang_22_10_14\PATCHES\STACK_75_BANDS_14_2\hdr\leaf\129_242.HDR,hdr,1,1.0,1.0,1.0,0.0,0.0
247,D:\gyeongsang_22_10_14\PATCHES\STACK_75_BANDS_14\hdr\background\117_249.HDR,hdr,0,1.0,1.0,0.0,0.0,0.0
482,D:\gyeongsang_22_10_14\PATCHES\STACK_75_BANDS_14\hdr\background\88_803.HDR,hdr,0,0.0,0.0,0.0,0.0,0.0
114,D:\gyeongsang_22_10_14\PATCHES\STACK_75_BANDS_14\hdr\background\103_816.HDR,hdr,0,0.0,0.0,0.0,0.0,0.0
665,D:\gyeongsang_22_10_14\PATCHES\STACK_75_BANDS_14_2\hdr\leaf\89_271.HDR,hdr,1,0.0,0.0,0.0,1.0,0.0
17,D:\gyeongsang_22_10_14\PATCHES\STACK_75_BANDS_14_2\hdr\diseased\103_421.HDR,hdr,2,1.0,1.0,1.0,1.0,1.0
12,D:\gyeongsang_22_10_14\PATCHES\STACK_75_BANDS_14\hdr\background\101_820.HDR,hdr,0,1.0,1.0,1.0,1.0,1.0
491,D:\gyeongsang_22_10_14\PATCHES\STACK_75_BANDS_14_2\hdr\leaf\129_204.HDR,hdr,1,1.0,1.0,1.0,0.0,1.0
385,D:\gyeongsang_22_10_14\PATCHES\STACK_75_BANDS_14_2\hdr\leaf\116_654.HDR,hdr,1,0.0,1.0,0.0,1.0,0.0
308,D:\gyeongsang_22_10_14\PATCHES\STACK_75_BANDS_14\hdr\background\129_586.HDR,hdr,0,0.0,0.0,0.0,1.0,0.0
644,D:\gyeongsang_22_10_14\PATCHES\STACK_75_BANDS_14_2\hdr\leaf\88_748.HDR,hdr,1,1.0,1.0,1.0,0.0,1.0
63,D:\gyeongsang_22_10_14\PATCHES\STACK_75_BANDS_14_2\hdr\diseased\87_669.HDR,hdr,2,1.0,0.0,0.0,1.0,1.0
402,D:\gyeongsang_22_10_14\PATCHES\STACK_75_BANDS_14_2\hdr\leaf\116_92.HDR,hdr,1,0.0,0.0,1.0,0.0,1.0
332,D:\gyeongsang_22_10_14\PATCHES\STACK_75_BANDS_14\hdr\background\130_349.HDR,hdr,0,1.0,0.0,1.0,0.0,0.0
60,D:\gyeongsang_22_10_14\PATCHES\STACK_75_BANDS_14_2\hdr\diseased\130_720.HDR,hdr,2,1.0,0.0,1.0,1.0,0.0
75,D:\gyeongsang_22_10_14\PATCHES\STACK_75_BANDS_14\hdr\background\103_289.HDR,hdr,0,0.0,1.0,1.0,1.0,0.0
391,D:\gyeongsang_22_10_14\PATCHES\STACK_75_BANDS_14\hdr\background\88_118.HDR,hdr,0,1.0,1.0,1.0,0.0,1.0
121,D:\gyeongsang_22_10_14\PATCHES\STACK_75_BANDS_14_2\hdr\leaf\101_460.HDR,hdr,1,0.0,1.0,0.0,0.0,0.0
327,D:\gyeongsang_22_10_14\PATCHES\STACK_75_BANDS_14_2\hdr\leaf\115_808.HDR,hdr,1,0.0,0.0,1.0,1.0,1.0
639,D:\gyeongsang_22_10_14\PATCHES\STACK_75_BANDS_14_2\hdr\leaf\88_713.HDR,hdr,1,0.0,1.0,1.0,0.0,0.0
681,D:\gyeongsang_22_10_14\PATCHES\STACK_75_BANDS_14_2\hdr\leaf\89_367.HDR,hdr,1,0.0,1.0,0.0,0.0,0.0
509,D:\gyeongsang_22_10_14\PATCHES\STACK_75_BANDS_14_2\hdr\leaf\129_449.HDR,hdr,1,1.0,0.0,1.0,0.0,1.0
528,D:\gyeongsang_22_10_14\PATCHES\STACK_75_BANDS_14\hdr\background\89_599.HDR,hdr,0,1.0,0.0,1.0,0.0,1.0
137,D:\gyeongsang_22_10_14\PATCHES\STACK_75_BANDS_14_2\hdr\leaf\102_229.HDR,hdr,1,1.0,0.0,0.0,1.0,1.0
512,D:\gyeongsang_22_10_14\PATCHES\STACK_75_BANDS_14_2\hdr\leaf\129_474.HDR,hdr,1,1.0,1.0,1.0,1.0,1.0
194,D:\gyeongsang_22_10_14\PATCHES\STACK_75_BANDS_14\hdr\background\116_495.HDR,hdr,0,1.0,1.0,0.0,0.0,0.0
473,D:\gyeongsang_22_10_14\PATCHES\STACK_75_BANDS_14_2\hdr\leaf\117_807.HDR,hdr,1,0.0,1.0,1.0,0.0,1.0
62,D:\gyeongsang_22_10_14\PATCHES\STACK_75_BANDS_14_2\hdr\diseased\130_869.HDR,hdr,2,0.0,0.0,0.0,0.0,0.0
655,D:\gyeongsang_22_10_14\PATCHES\STACK_75_BANDS_14_2\hdr\leaf\88_891.HDR,hdr,1,1.0,0.0,0.0,0.0,0.0
487,D:\gyeongsang_22_10_14\PATCHES\STACK_75_BANDS_14_2\hdr\leaf\129_178.HDR,hdr,1,0.0,1.0,1.0,0.0,0.0
547,D:\gyeongsang_22_10_14\PATCHES\STACK_75_BANDS_14\hdr\background\89_689.HDR,hdr,0,0.0,0.0,1.0,1.0,1.0
15,D:\gyeongsang_22_10_14\PATCHES\STACK_75_BANDS_14\hdr\background\101_826.HDR,hdr,0,0.0,1.0,1.0,0.0,0.0
225,D:\gyeongsang_22_10_14\PATCHES\STACK_75_BANDS_14\hdr\background\116_888.HDR,hdr,0,0.0,1.0,0.0,0.0,0.0
280,D:\gyeongsang_22_10_14\PATCHES\STACK_75_BANDS_14_2\hdr\leaf\115_133.HDR,hdr,1,1.0,0.0,0.0,0.0,0.0
523,D:\gyeongsang_22_10_14\PATCHES\STACK_75_BANDS_14\hdr\background\89_4.HDR,hdr,0,1.0,0.0,0.0,0.0,1.0
452,D:\gyeongsang_22_10_14\PATCHES\STACK_75_BANDS_14_2\hdr\leaf\117_673.HDR,hdr,1,0.0,0.0,0.0,0.0,1.0
10,D:\gyeongsang_22_10_14\PATCHES\STACK_75_BANDS_14\hdr\background\101_800.HDR,hdr,0,1.0,1.0,0.0,0.0,1.0
613,D:\gyeongsang_22_10_14\PATCHES\STACK_75_BANDS_14_2\hdr\leaf\88_621.HDR,hdr,1,0.0,1.0,1.0,0.0,0.0
404,D:\gyeongsang_22_10_14\PATCHES\STACK_75_BANDS_14\hdr\background\88_164.HDR,hdr,0,0.0,0.0,1.0,1.0,0.0
519,D:\gyeongsang_22_10_14\PATCHES\STACK_75_BANDS_14_2\hdr\leaf\130_131.HDR,hdr,1,1.0,1.0,1.0,0.0,1.0
699,D:\gyeongsang_22_10_14\PATCHES\STACK_75_BANDS_14_2\hdr\leaf\89_553.HDR,hdr,1,1.0,0.0,1.0,0.0,0.0
85,D:\gyeongsang_22_10_14\PATCHES\STACK_75_BANDS_14_2\hdr\diseased\89_882.HDR,hdr,2,0.0,0.0,1.0,1.0,0.0
105,D:\gyeongsang_22_10_14\PATCHES\STACK_75_BANDS_14_2\hdr\leaf\101_266.HDR,hdr,1,0.0,1.0,1.0,1.0,1.0
172,D:\gyeongsang_22_10_14\PATCHES\STACK_75_BANDS_14\hdr\background\116_115.HDR,hdr,0,1.0,0.0,1.0,1.0,1.0
20,D:\gyeongsang_22_10_14\PATCHES\STACK_75_BANDS_14\hdr\background\102_152.HDR,hdr,0,1.0,1.0,0.0,0.0,0.0
552,D:\gyeongsang_22_10_14\PATCHES\STACK_75_BANDS_14_2\hdr\leaf\130_541.HDR,hdr,1,0.0,0.0,0.0,1.0,0.0
405,D:\gyeongsang_22_10_14\PATCHES\STACK_75_BANDS_14_2\hdr\leaf\117_110.HDR,hdr,1,1.0,0.0,0.0,1.0,0.0
648,D:\gyeongsang_22_10_14\PATCHES\STACK_75_BANDS_14_2\hdr\leaf\88_806.HDR,hdr,1,0.0,1.0,0.0,0.0,0.0
337,D:\gyeongsang_22_10_14\PATCHES\STACK_75_BANDS_14_2\hdr\leaf\116_241.HDR,hdr,1,0.0,1.0,0.0,1.0,0.0
695,D:\gyeongsang_22_10_14\PATCHES\STACK_75_BANDS_14_2\hdr\leaf\89_530.HDR,hdr,1,0.0,0.0,0.0,0.0,1.0
22,D:\gyeongsang_22_10_14\PATCHES\STACK_75_BANDS_14\hdr\background\102_264.HDR,hdr,0,0.0,1.0,1.0,0.0,1.0
555,D:\gyeongsang_22_10_14\PATCHES\STACK_75_BANDS_14_2\hdr\leaf\130_595.HDR,hdr,1,0.0,0.0,1.0,0.0,1.0
112,D:\gyeongsang_22_10_14\PATCHES\STACK_75_BANDS_14\hdr\background\103_801.HDR,hdr,0,1.0,0.0,0.0,0.0,0.0
100,D:\gyeongsang_22_10_14\PATCHES\STACK_75_BANDS_14\hdr\background\103_708.HDR,hdr,0,0.0,0.0,0.0,0.0,1.0
419,D:\gyeongsang_22_10_14\PATCHES\STACK_75_BANDS_14_2\hdr\leaf\117_268.HDR,hdr,1,0.0,0.0,1.0,1.0,1.0
353,D:\gyeongsang_22_10_14\PATCHES\STACK_75_BANDS_14\hdr\background\130_697.HDR,hdr,0,0.0,1.0,1.0,1.0,0.0
93,D:\gyeongsang_22_10_14\PATCHES\STACK_75_BANDS_14_2\hdr\leaf\101_170.HDR,hdr,1,1.0,0.0,1.0,1.0,1.0
158,D:\gyeongsang_22_10_14\PATCHES\STACK_75_BANDS_14_2\hdr\leaf\102_418.HDR,hdr,1,1.0,1.0,0.0,0.0,1.0
732,D:\gyeongsang_22_10_14\PATCHES\STACK_75_BANDS_14_2\hdr\leaf\90_710.HDR,hdr,1,1.0,0.0,0.0,1.0,0.0
318,D:\gyeongsang_22_10_14\PATCHES\STACK_75_BANDS_14_2\hdr\leaf\115_680.HDR,hdr,1,1.0,1.0,0.0,0.0,0.0
512,D:\gyeongsang_22_10_14\PATCHES\STACK_75_BANDS_14\hdr\background\89_273.HDR,hdr,0,1.0,1.0,1.0,1.0,1.0
139,D:\gyeongsang_22_10_14\PATCHES\STACK_75_BANDS_14_2\hdr\leaf\102_232.HDR,hdr,1,0.0,0.0,0.0,0.0,0.0
502,D:\gyeongsang_22_10_14\PATCHES\STACK_75_BANDS_14\hdr\background\89_2.HDR,hdr,0,1.0,0.0,1.0,0.0,0.0
528,D:\gyeongsang_22_10_14\PATCHES\STACK_75_BANDS_14_2\hdr\leaf\130_268.HDR,hdr,1,1.0,0.0,1.0,0.0,1.0
66,D:\gyeongsang_22_10_14\PATCHES\STACK_75_BANDS_14_2\hdr\diseased\88_359.HDR,hdr,2,1.0,1.0,0.0,0.0,0.0
390,D:\gyeongsang_22_10_14\PATCHES\STACK_75_BANDS_14\hdr\background\88_117.HDR,hdr,0,1.0,0.0,1.0,0.0,0.0
437,D:\gyeongsang_22_10_14\PATCHES\STACK_75_BANDS_14\hdr\background\88_289.HDR,hdr,0,0.0,0.0,0.0,1.0,0.0
81,D:\gyeongsang_22_10_14\PATCHES\STACK_75_BANDS_14_2\hdr\diseased\89_752.HDR,hdr,2,0.0,0.0,0.0,1.0,0.0
118,D:\gyeongsang_22_10_14\PATCHES\STACK_75_BANDS_14\hdr\background\103_859.HDR,hdr,0,1.0,0.0,0.0,1.0,0.0
231,D:\gyeongsang_22_10_14\PATCHES\STACK_75_BANDS_14_2\hdr\leaf\103_280.HDR,hdr,1,0.0,0.0,0.0,0.0,0.0
479,D:\gyeongsang_22_10_14\PATCHES\STACK_75_BANDS_14_2\hdr\leaf\117_85.HDR,hdr,1,0.0,1.0,0.0,1.0,0.0
79,D:\gyeongsang_22_10_14\PATCHES\STACK_75_BANDS_14_2\hdr\diseased\89_181.HDR,hdr,2,0.0,0.0,0.0,0.0,0.0
507,D:\gyeongsang_22_10_14\PATCHES\STACK_75_BANDS_14_2\hdr\leaf\129_444.HDR,hdr,1,1.0,0.0,0.0,1.0,1.0
325,D:\gyeongsang_22_10_14\PATCHES\STACK_75_BANDS_14\hdr\background\130_282.HDR,hdr,0,0.0,1.0,0.0,0.0,0.0
385,D:\gyeongsang_22_10_14\PATCHES\STACK_75_BANDS_14\hdr\background\87_814.HDR,hdr,0,0.0,1.0,0.0,1.0,0.0
249,D:\gyeongsang_22_10_14\PATCHES\STACK_75_BANDS_14\hdr\background\117_266.HDR,hdr,0,1.0,0.0,1.0,0.0,1.0
539,D:\gyeongsang_22_10_14\PATCHES\STACK_75_BANDS_14\hdr\background\89_649.HDR,hdr,0,0.0,0.0,1.0,0.0,1.0
144,D:\gyeongsang_22_10_14\PATCHES\STACK_75_BANDS_14\hdr\background\115_375.HDR,hdr,0,0.0,0.0,1.0,1.0,1.0
434,D:\gyeongsang_22_10_14\PATCHES\STACK_75_BANDS_14\hdr\background\88_256.HDR,hdr,0,0.0,0.0,1.0,1.0,0.0
723,D:\gyeongsang_22_10_14\PATCHES\STACK_75_BANDS_14_2\hdr\leaf\90_642.HDR,hdr,1,0.0,0.0,0.0,1.0,0.0
277,D:\gyeongsang_22_10_14\PATCHES\STACK_75_BANDS_14_2\hdr\leaf\103_777.HDR,hdr,1,0.0,0.0,0.0,0.0,1.0
255,D:\gyeongsang_22_10_14\PATCHES\STACK_75_BANDS_14\hdr\background\117_317.HDR,hdr,0,0.0,0.0,0.0,0.0,1.0
478,D:\gyeongsang_22_10_14\PATCHES\STACK_75_BANDS_14\hdr\background\88_754.HDR,hdr,0,1.0,0.0,0.0,1.0,0.0
70,D:\gyeongsang_22_10_14\PATCHES\STACK_75_BANDS_14_2\hdr\diseased\88_506.HDR,hdr,2,0.0,1.0,0.0,0.0,0.0
239,D:\gyeongsang_22_10_14\PATCHES\STACK_75_BANDS_14\hdr\background\117_198.HDR,hdr,0,1.0,1.0,0.0,0.0,0.0
330,D:\gyeongsang_22_10_14\PATCHES\STACK_75_BANDS_14\hdr\background\130_340.HDR,hdr,0,0.0,0.0,0.0,0.0,1.0
708,D:\gyeongsang_22_10_14\PATCHES\STACK_75_BANDS_14_2\hdr\leaf\89_666.HDR,hdr,1,0.0,0.0,0.0,0.0,0.0
164,D:\gyeongsang_22_10_14\PATCHES\STACK_75_BANDS_14_2\hdr\leaf\102_446.HDR,hdr,1,0.0,1.0,0.0,0.0,1.0
187,D:\gyeongsang_22_10_14\PATCHES\STACK_75_BANDS_14_2\hdr\leaf\102_553.HDR,hdr,1,0.0,0.0,0.0,1.0,0.0
118,D:\gyeongsang_22_10_14\PATCHES\STACK_75_BANDS_14_2\hdr\leaf\101_419.HDR,hdr,1,1.0,0.0,0.0,1.0,0.0
576,D:\gyeongsang_22_10_14\PATCHES\STACK_75_BANDS_14_2\hdr\leaf\88_350.HDR,hdr,1,0.0,0.0,0.0,1.0,0.0
299,D:\gyeongsang_22_10_14\PATCHES\STACK_75_BANDS_14\hdr\background\129_353.HDR,hdr,0,1.0,0.0,1.0,0.0,0.0
719,D:\gyeongsang_22_10_14\PATCHES\STACK_75_BANDS_14_2\hdr\leaf\89_793.HDR,hdr,1,0.0,1.0,0.0,1.0,0.0
74,D:\gyeongsang_22_10_14\PATCHES\STACK_75_BANDS_14\hdr\background\103_276.HDR,hdr,0,1.0,1.0,0.0,0.0,0.0
29,D:\gyeongsang_22_10_14\PATCHES\STACK_75_BANDS_14_2\hdr\diseased\115_533.HDR,hdr,2,1.0,1.0,0.0,0.0,0.0
471,D:\gyeongsang_22_10_14\PATCHES\STACK_75_BANDS_14\hdr\background\88_700.HDR,hdr,0,0.0,1.0,0.0,1.0,1.0
499,D:\gyeongsang_22_10_14\PATCHES\STACK_75_BANDS_14\hdr\background\89_165.HDR,hdr,0,1.0,0.0,0.0,0.0,0.0
498,D:\gyeongsang_22_10_14\PATCHES\STACK_75_BANDS_14\hdr\background\89_151.HDR,hdr,0,0.0,0.0,0.0,1.0,0.0
595,D:\gyeongsang_22_10_14\PATCHES\STACK_75_BANDS_14_2\hdr\leaf\88_570.HDR,hdr,1,0.0,0.0,0.0,0.0,1.0
389,D:\gyeongsang_22_10_14\PATCHES\STACK_75_BANDS_14\hdr\background\88_111.HDR,hdr,0,0.0,0.0,0.0,0.0,1.0
433,D:\gyeongsang_22_10_14\PATCHES\STACK_75_BANDS_14\hdr\background\88_255.HDR,hdr,0,0.0,1.0,0.0,1.0,0.0
73,D:\gyeongsang_22_10_14\PATCHES\STACK_75_BANDS_14_2\hdr\diseased\88_653.HDR,hdr,2,0.0,0.0,0.0,0.0,0.0
703,D:\gyeongsang_22_10_14\PATCHES\STACK_75_BANDS_14_2\hdr\leaf\89_602.HDR,hdr,1,1.0,1.0,0.0,0.0,0.0
69,D:\gyeongsang_22_10_14\PATCHES\STACK_75_BANDS_14_2\hdr\diseased\88_489.HDR,hdr,2,0.0,0.0,1.0,0.0,0.0
626,D:\gyeongsang_22_10_14\PATCHES\STACK_75_BANDS_14_2\hdr\leaf\88_660.HDR,hdr,1,0.0,0.0,1.0,0.0,0.0
358,D:\gyeongsang_22_10_14\PATCHES\STACK_75_BANDS_14_2\hdr\leaf\116_515.HDR,hdr,1,1.0,0.0,0.0,1.0,0.0
52,D:\gyeongsang_22_10_14\PATCHES\STACK_75_BANDS_14_2\hdr\diseased\117_426.HDR,hdr,2,0.0,0.0,0.0,0.0,0.0
340,D:\gyeongsang_22_10_14\PATCHES\STACK_75_BANDS_14\hdr\background\130_440.HDR,hdr,0,0.0,1.0,0.0,0.0,1.0
692,D:\gyeongsang_22_10_14\PATCHES\STACK_75_BANDS_14_2\hdr\leaf\89_513.HDR,hdr,1,0.0,0.0,0.0,0.0,0.0
163,D:\gyeongsang_22_10_14\PATCHES\STACK_75_BANDS_14_2\hdr\leaf\102_444.HDR,hdr,1,1.0,0.0,0.0,1.0,0.0
260,D:\gyeongsang_22_10_14\PATCHES\STACK_75_BANDS_14_2\hdr\leaf\103_633.HDR,hdr,1,1.0,0.0,0.0,0.0,0.0
185,D:\gyeongsang_22_10_14\PATCHES\STACK_75_BANDS_14\hdr\background\116_351.HDR,hdr,0,0.0,0.0,0.0,1.0,0.0
425,D:\gyeongsang_22_10_14\PATCHES\STACK_75_BANDS_14_2\hdr\leaf\117_381.HDR,hdr,1,1.0,1.0,1.0,0.0,0.0
132,D:\gyeongsang_22_10_14\PATCHES\STACK_75_BANDS_14\hdr\background\115_256.HDR,hdr,0,0.0,1.0,0.0,0.0,1.0
134,D:\gyeongsang_22_10_14\PATCHES\STACK_75_BANDS_14\hdr\background\115_289.HDR,hdr,0,0.0,0.0,0.0,1.0,0.0
65,D:\gyeongsang_22_10_14\PATCHES\STACK_75_BANDS_14\hdr\background\102_814.HDR,hdr,0,0.0,1.0,0.0,1.0,0.0
78,D:\gyeongsang_22_10_14\PATCHES\STACK_75_BANDS_14\hdr\background\103_323.HDR,hdr,0,0.0,0.0,0.0,1.0,1.0
550,D:\gyeongsang_22_10_14\PATCHES\STACK_75_BANDS_14\hdr\background\89_91.HDR,hdr,0,1.0,1.0,1.0,1.0,0.0
1,D:\gyeongsang_22_10_14\PATCHES\STACK_75_BANDS_14\hdr\background\101_714.HDR,hdr,0,0.0,0.0,1.0,0.0,0.0
623,D:\gyeongsang_22_10_14\PATCHES\STACK_75_BANDS_14_2\hdr\leaf\88_651.HDR,hdr,1,0.0,0.0,0.0,0.0,1.0
580,D:\gyeongsang_22_10_14\PATCHES\STACK_75_BANDS_14_2\hdr\leaf\88_481.HDR,hdr,1,0.0,0.0,1.0,0.0,0.0
709,D:\gyeongsang_22_10_14\PATCHES\STACK_75_BANDS_14_2\hdr\leaf\89_667.HDR,hdr,1,0.0,0.0,1.0,0.0,0.0
364,D:\gyeongsang_22_10_14\PATCHES\STACK_75_BANDS_14\hdr\background\87_568.HDR,hdr,0,1.0,0.0,0.0,1.0,0.0
195,D:\gyeongsang_22_10_14\PATCHES\STACK_75_BANDS_14\hdr\background\116_502.HDR,hdr,0,1.0,0.0,0.0,1.0,0.0
346,D:\gyeongsang_22_10_14\PATCHES\STACK_75_BANDS_14\hdr\background\130_544.HDR,hdr,0,1.0,0.0,0.0,1.0,0.0
152,D:\gyeongsang_22_10_14\PATCHES\STACK_75_BANDS_14_2\hdr\leaf\102_334.HDR,hdr,1,0.0,1.0,1.0,0.0,1.0
462,D:\gyeongsang_22_10_14\PATCHES\STACK_75_BANDS_14\hdr\background\88_64.HDR,hdr,0,1.0,0.0,0.0,1.0,0.0
316,D:\gyeongsang_22_10_14\PATCHES\STACK_75_BANDS_14_2\hdr\leaf\115_653.HDR,hdr,1,0.0,1.0,0.0,1.0,1.0
616,D:\gyeongsang_22_10_14\PATCHES\STACK_75_BANDS_14_2\hdr\leaf\88_630.HDR,hdr,1,1.0,0.0,0.0,0.0,0.0
350,D:\gyeongsang_22_10_14\PATCHES\STACK_75_BANDS_14\hdr\background\130_633.HDR,hdr,0,1.0,1.0,1.0,1.0,0.0
31,D:\gyeongsang_22_10_14\PATCHES\STACK_75_BANDS_14\hdr\background\102_421.HDR,hdr,0,0.0,1.0,1.0,0.0,1.0
85,D:\gyeongsang_22_10_14\PATCHES\STACK_75_BANDS_14\hdr\background\103_404.HDR,hdr,0,0.0,0.0,1.0,1.0,0.0
509,D:\gyeongsang_22_10_14\PATCHES\STACK_75_BANDS_14\hdr\background\89_252.HDR,hdr,0,1.0,0.0,1.0,0.0,1.0
320,D:\gyeongsang_22_10_14\PATCHES\STACK_75_BANDS_14_2\hdr\leaf\115_723.HDR,hdr,1,1.0,1.0,0.0,0.0,1.0
272,D:\gyeongsang_22_10_14\PATCHES\STACK_75_BANDS_14_2\hdr\leaf\103_733.HDR,hdr,1,0.0,1.0,1.0,1.0,0.0
689,D:\gyeongsang_22_10_14\PATCHES\STACK_75_BANDS_14_2\hdr\leaf\89_473.HDR,hdr,1,0.0,0.0,0.0,0.0,0.0
220,D:\gyeongsang_22_10_14\PATCHES\STACK_75_BANDS_14\hdr\background\116_807.HDR,hdr,0,0.0,1.0,1.0,0.0,1.0
315,D:\gyeongsang_22_10_14\PATCHES\STACK_75_BANDS_14\hdr\background\129_89.HDR,hdr,0,0.0,1.0,0.0,0.0,1.0
606,D:\gyeongsang_22_10_14\PATCHES\STACK_75_BANDS_14_2\hdr\leaf\88_597.HDR,hdr,1,1.0,0.0,0.0,1.0,0.0
249,D:\gyeongsang_22_10_14\PATCHES\STACK_75_BANDS_14_2\hdr\leaf\103_511.HDR,hdr,1,1.0,0.0,1.0,0.0,1.0
418,D:\gyeongsang_22_10_14\PATCHES\STACK_75_BANDS_14_2\hdr\leaf\117_257.HDR,hdr,1,1.0,1.0,0.0,0.0,0.0
382,D:\gyeongsang_22_10_14\PATCHES\STACK_75_BANDS_14\hdr\background\87_776.HDR,hdr,0,1.0,0.0,0.0,0.0,0.0
281,D:\gyeongsang_22_10_14\PATCHES\STACK_75_BANDS_14\hdr\background\117_836.HDR,hdr,0,1.0,1.0,0.0,0.0,0.0
492,D:\gyeongsang_22_10_14\PATCHES\STACK_75_BANDS_14_2\hdr\leaf\129_213.HDR,hdr,1,0.0,0.0,0.0,0.0,0.0
392,D:\gyeongsang_22_10_14\PATCHES\STACK_75_BANDS_14\hdr\background\88_120.HDR,hdr,0,0.0,1.0,1.0,1.0,0.0
97,D:\gyeongsang_22_10_14\PATCHES\STACK_75_BANDS_14_2\hdr\leaf\101_217.HDR,hdr,1,0.0,1.0,0.0,0.0,0.0
189,D:\gyeongsang_22_10_14\PATCHES\STACK_75_BANDS_14_2\hdr\leaf\102_559.HDR,hdr,1,0.0,1.0,1.0,0.0,1.0
543,D:\gyeongsang_22_10_14\PATCHES\STACK_75_BANDS_14\hdr\background\89_661.HDR,hdr,0,0.0,0.0,0.0,1.0,0.0
56,D:\gyeongsang_22_10_14\PATCHES\STACK_75_BANDS_14\hdr\background\102_730.HDR,hdr,0,1.0,0.0,1.0,1.0,1.0
93,D:\gyeongsang_22_10_14\PATCHES\STACK_75_BANDS_14\hdr\background\103_611.HDR,hdr,0,1.0,0.0,1.0,1.0,1.0
435,D:\gyeongsang_22_10_14\PATCHES\STACK_75_BANDS_14\hdr\background\88_263.HDR,hdr,0,1.0,1.0,0.0,0.0,0.0
124,D:\gyeongsang_22_10_14\PATCHES\STACK_75_BANDS_14\hdr\background\115_142.HDR,hdr,0,0.0,1.0,1.0,1.0,1.0
378,D:\gyeongsang_22_10_14\PATCHES\STACK_75_BANDS_14\hdr\background\87_750.HDR,hdr,0,0.0,1.0,0.0,0.0,0.0
205,D:\gyeongsang_22_10_14\PATCHES\STACK_75_BANDS_14\hdr\background\116_605.HDR,hdr,0,0.0,1.0,1.0,0.0,1.0
342,D:\gyeongsang_22_10_14\PATCHES\STACK_75_BANDS_14\hdr\background\130_460.HDR,hdr,0,0.0,0.0,1.0,0.0,0.0
477,D:\gyeongsang_22_10_14\PATCHES\STACK_75_BANDS_14_2\hdr\leaf\117_844.HDR,hdr,1,0.0,0.0,1.0,0.0,0.0
365,D:\gyeongsang_22_10_14\PATCHES\STACK_75_BANDS_14_2\hdr\leaf\116_566.HDR,hdr,1,0.0,0.0,1.0,1.0,1.0
36,D:\gyeongsang_22_10_14\PATCHES\STACK_75_BANDS_14_2\hdr\diseased\116_733.HDR,hdr,2,0.0,0.0,1.0,0.0,0.0
312,D:\gyeongsang_22_10_14\PATCHES\STACK_75_BANDS_14_2\hdr\leaf\115_523.HDR,hdr,1,0.0,0.0,1.0,1.0,0.0
633,D:\gyeongsang_22_10_14\PATCHES\STACK_75_BANDS_14_2\hdr\leaf\88_684.HDR,hdr,1,1.0,0.0,0.0,0.0,0.0
312,D:\gyeongsang_22_10_14\PATCHES\STACK_75_BANDS_14\hdr\background\129_676.HDR,hdr,0,0.0,0.0,1.0,1.0,0.0
6,D:\gyeongsang_22_10_14\PATCHES\STACK_75_BANDS_14\hdr\background\101_779.HDR,hdr,0,0.0,0.0,1.0,0.0,0.0
142,D:\gyeongsang_22_10_14\PATCHES\STACK_75_BANDS_14_2\hdr\leaf\102_241.HDR,hdr,1,0.0,1.0,0.0,1.0,0.0
609,D:\gyeongsang_22_10_14\PATCHES\STACK_75_BANDS_14_2\hdr\leaf\88_609.HDR,hdr,1,1.0,0.0,0.0,0.0,0.0
289,D:\gyeongsang_22_10_14\PATCHES\STACK_75_BANDS_14\hdr\background\129_147.HDR,hdr,0,1.0,0.0,1.0,0.0,0.0
532,D:\gyeongsang_22_10_14\PATCHES\STACK_75_BANDS_14\hdr\background\89_62.HDR,hdr,0,0.0,1.0,0.0,1.0,0.0
285,D:\gyeongsang_22_10_14\PATCHES\STACK_75_BANDS_14\hdr\background\117_896.HDR,hdr,0,1.0,0.0,0.0,0.0,0.0
33,D:\gyeongsang_22_10_14\PATCHES\STACK_75_BANDS_14_2\hdr\diseased\116_219.HDR,hdr,2,0.0,0.0,1.0,0.0,0.0
246,D:\gyeongsang_22_10_14\PATCHES\STACK_75_BANDS_14_2\hdr\leaf\103_492.HDR,hdr,1,1.0,1.0,0.0,0.0,0.0
467,D:\gyeongsang_22_10_14\PATCHES\STACK_75_BANDS_14_2\hdr\leaf\117_77.HDR,hdr,1,0.0,1.0,0.0,1.0,0.0
113,D:\gyeongsang_22_10_14\PATCHES\STACK_75_BANDS_14_2\hdr\leaf\101_317.HDR,hdr,1,0.0,0.0,0.0,0.0,1.0
531,D:\gyeongsang_22_10_14\PATCHES\STACK_75_BANDS_14\hdr\background\89_610.HDR,hdr,0,1.0,1.0,0.0,0.0,0.0
1,D:\gyeongsang_22_10_14\PATCHES\STACK_75_BANDS_14_2\hdr\diseased\102_167.HDR,hdr,2,0.0,0.0,1.0,0.0,0.0
431,D:\gyeongsang_22_10_14\PATCHES\STACK_75_BANDS_14_2\hdr\leaf\117_434.HDR,hdr,1,0.0,0.0,1.0,0.0,0.0
7,D:\gyeongsang_22_10_14\PATCHES\STACK_75_BANDS_14\hdr\background\101_784.HDR,hdr,0,0.0,1.0,0.0,1.0,1.0
77,D:\gyeongsang_22_10_14\PATCHES\STACK_75_BANDS_14_2\hdr\diseased\88_851.HDR,hdr,2,1.0,0.0,0.0,0.0,1.0
374,D:\gyeongsang_22_10_14\PATCHES\STACK_75_BANDS_14\hdr\background\87_720.HDR,hdr,0,0.0,0.0,0.0,0.0,1.0
278,D:\gyeongsang_22_10_14\PATCHES\STACK_75_BANDS_14\hdr\background\117_813.HDR,hdr,0,0.0,0.0,1.0,0.0,0.0
60,D:\gyeongsang_22_10_14\PATCHES\STACK_75_BANDS_14\hdr\background\102_778.HDR,hdr,0,1.0,0.0,1.0,1.0,0.0
95,D:\gyeongsang_22_10_14\PATCHES\STACK_75_BANDS_14_2\hdr\leaf\101_192.HDR,hdr,1,1.0,0.0,0.0,1.0,0.0
23,D:\gyeongsang_22_10_14\PATCHES\STACK_75_BANDS_14_2\hdr\diseased\103_753.HDR,hdr,2,1.0,1.0,1.0,0.0,0.0
264,D:\gyeongsang_22_10_14\PATCHES\STACK_75_BANDS_14\hdr\background\117_653.HDR,hdr,0,1.0,0.0,0.0,1.0,0.0
45,D:\gyeongsang_22_10_14\PATCHES\STACK_75_BANDS_14\hdr\background\102_641.HDR,hdr,0,0.0,1.0,1.0,0.0,1.0
64,D:\gyeongsang_22_10_14\PATCHES\STACK_75_BANDS_14\hdr\background\102_810.HDR,hdr,0,0.0,0.0,1.0,1.0,1.0
5,D:\gyeongsang_22_10_14\PATCHES\STACK_75_BANDS_14_2\hdr\diseased\102_305.HDR,hdr,2,0.0,1.0,1.0,1.0,1.0
725,D:\gyeongsang_22_10_14\PATCHES\STACK_75_BANDS_14_2\hdr\leaf\90_655.HDR,hdr,1,1.0,0.0,0.0,1.0,0.0
526,D:\gyeongsang_22_10_14\PATCHES\STACK_75_BANDS_14\hdr\background\89_597.HDR,hdr,0,1.0,1.0,1.0,1.0,1.0
316,D:\gyeongsang_22_10_14\PATCHES\STACK_75_BANDS_14\hdr\background\129_93.HDR,hdr,0,0.0,1.0,0.0,1.0,1.0
188,D:\gyeongsang_22_10_14\PATCHES\STACK_75_BANDS_14_2\hdr\leaf\102_558.HDR,hdr,1,1.0,0.0,1.0,0.0,1.0
513,D:\gyeongsang_22_10_14\PATCHES\STACK_75_BANDS_14_2\hdr\leaf\129_475.HDR,hdr,1,0.0,0.0,1.0,1.0,1.0
488,D:\gyeongsang_22_10_14\PATCHES\STACK_75_BANDS_14_2\hdr\leaf\129_180.HDR,hdr,1,1.0,1.0,0.0,0.0,1.0
406,D:\gyeongsang_22_10_14\PATCHES\STACK_75_BANDS_14_2\hdr\leaf\117_128.HDR,hdr,1,0.0,1.0,0.0,1.0,0.0
329,D:\gyeongsang_22_10_14\PATCHES\STACK_75_BANDS_14\hdr\background\130_314.HDR,hdr,0,1.0,1.0,1.0,0.0,0.0
179,D:\gyeongsang_22_10_14\PATCHES\STACK_75_BANDS_14\hdr\background\116_234.HDR,hdr,0,0.0,0.0,0.0,0.0,0.0
205,D:\gyeongsang_22_10_14\PATCHES\STACK_75_BANDS_14_2\hdr\leaf\103_100.HDR,hdr,1,0.0,1.0,1.0,0.0,1.0
42,D:\gyeongsang_22_10_14\PATCHES\STACK_75_BANDS_14_2\hdr\diseased\116_775.HDR,hdr,2,1.0,0.0,1.0,1.0,0.0
544,D:\gyeongsang_22_10_14\PATCHES\STACK_75_BANDS_14_2\hdr\leaf\130_417.HDR,hdr,1,0.0,0.0,0.0,0.0,0.0
246,D:\gyeongsang_22_10_14\PATCHES\STACK_75_BANDS_14\hdr\background\117_246.HDR,hdr,0,1.0,1.0,0.0,0.0,0.0
538,D:\gyeongsang_22_10_14\PATCHES\STACK_75_BANDS_14\hdr\background\89_641.HDR,hdr,0,0.0,1.0,0.0,1.0,0.0
441,D:\gyeongsang_22_10_14\PATCHES\STACK_75_BANDS_14_2\hdr\leaf\117_563.HDR,hdr,1,0.0,1.0,0.0,0.0,0.0
19,D:\gyeongsang_22_10_14\PATCHES\STACK_75_BANDS_14_2\hdr\diseased\103_473.HDR,hdr,2,0.0,0.0,1.0,0.0,0.0
58,D:\gyeongsang_22_10_14\PATCHES\STACK_75_BANDS_14_2\hdr\diseased\130_484.HDR,hdr,2,0.0,1.0,0.0,1.0,0.0
181,D:\gyeongsang_22_10_14\PATCHES\STACK_75_BANDS_14\hdr\background\116_293.HDR,hdr,0,0.0,0.0,0.0,0.0,0.0
433,D:\gyeongsang_22_10_14\PATCHES\STACK_75_BANDS_14_2\hdr\leaf\117_483.HDR,hdr,1,0.0,1.0,0.0,1.0,0.0
6,D:\gyeongsang_22_10_14\PATCHES\STACK_75_BANDS_14_2\hdr\diseased\102_390.HDR,hdr,2,0.0,0.0,1.0,0.0,0.0
47,D:\gyeongsang_22_10_14\PATCHES\STACK_75_BANDS_14_2\hdr\diseased\117_150.HDR,hdr,2,0.0,0.0,1.0,0.0,0.0
515,D:\gyeongsang_22_10_14\PATCHES\STACK_75_BANDS_14_2\hdr\leaf\129_478.HDR,hdr,1,0.0,0.0,0.0,0.0,0.0
227,D:\gyeongsang_22_10_14\PATCHES\STACK_75_BANDS_14_2\hdr\leaf\103_254.HDR,hdr,1,0.0,0.0,0.0,1.0,1.0
149,D:\gyeongsang_22_10_14\PATCHES\STACK_75_BANDS_14_2\hdr\leaf\102_317.HDR,hdr,1,0.0,0.0,0.0,0.0,0.0
39,D:\gyeongsang_22_10_14\PATCHES\STACK_75_BANDS_14_2\hdr\diseased\116_752.HDR,hdr,2,1.0,0.0,1.0,1.0,1.0
399,D:\gyeongsang_22_10_14\PATCHES\STACK_75_BANDS_14_2\hdr\leaf\116_792.HDR,hdr,1,1.0,1.0,1.0,1.0,0.0
348,D:\gyeongsang_22_10_14\PATCHES\STACK_75_BANDS_14_2\hdr\leaf\116_390.HDR,hdr,1,1.0,0.0,0.0,1.0,1.0
504,D:\gyeongsang_22_10_14\PATCHES\STACK_75_BANDS_14_2\hdr\leaf\129_421.HDR,hdr,1,0.0,1.0,1.0,0.0,0.0
51,D:\gyeongsang_22_10_14\PATCHES\STACK_75_BANDS_14\hdr\background\102_695.HDR,hdr,0,0.0,1.0,1.0,1.0,1.0
191,D:\gyeongsang_22_10_14\PATCHES\STACK_75_BANDS_14\hdr\background\116_433.HDR,hdr,0,0.0,0.0,0.0,0.0,0.0
447,D:\gyeongsang_22_10_14\PATCHES\STACK_75_BANDS_14_2\hdr\leaf\117_612.HDR,hdr,1,1.0,0.0,0.0,0.0,0.0
333,D:\gyeongsang_22_10_14\PATCHES\STACK_75_BANDS_14_2\hdr\leaf\116_189.HDR,hdr,1,0.0,0.0,1.0,0.0,1.0
14,D:\gyeongsang_22_10_14\PATCHES\STACK_75_BANDS_14_2\hdr\diseased\103_10.HDR,hdr,2,0.0,0.0,0.0,0.0,1.0
49,D:\gyeongsang_22_10_14\PATCHES\STACK_75_BANDS_14_2\hdr\diseased\117_341.HDR,hdr,2,1.0,0.0,0.0,0.0,1.0
366,D:\gyeongsang_22_10_14\PATCHES\STACK_75_BANDS_14\hdr\background\87_579.HDR,hdr,0,0.0,1.0,0.0,1.0,0.0
213,D:\gyeongsang_22_10_14\PATCHES\STACK_75_BANDS_14\hdr\background\116_701.HDR,hdr,0,0.0,1.0,0.0,0.0,1.0
116,D:\gyeongsang_22_10_14\PATCHES\STACK_75_BANDS_14\hdr\background\103_843.HDR,hdr,0,0.0,1.0,1.0,0.0,0.0
444,D:\gyeongsang_22_10_14\PATCHES\STACK_75_BANDS_14\hdr\background\88_358.HDR,hdr,0,1.0,0.0,0.0,0.0,0.0
320,D:\gyeongsang_22_10_14\PATCHES\STACK_75_BANDS_14\hdr\background\130_220.HDR,hdr,0,1.0,1.0,0.0,0.0,1.0
311,D:\gyeongsang_22_10_14\PATCHES\STACK_75_BANDS_14\hdr\background\129_643.HDR,hdr,0,1.0,1.0,0.0,1.0,1.0
229,D:\gyeongsang_22_10_14\PATCHES\STACK_75_BANDS_14\hdr\background\117_131.HDR,hdr,0,0.0,1.0,0.0,0.0,0.0
67,D:\gyeongsang_22_10_14\PATCHES\STACK_75_BANDS_14_2\hdr\diseased\88_369.HDR,hdr,2,1.0,0.0,1.0,0.0,0.0
705,D:\gyeongsang_22_10_14\PATCHES\STACK_75_BANDS_14_2\hdr\leaf\89_642.HDR,hdr,1,1.0,1.0,0.0,1.0,1.0
500,D:\gyeongsang_22_10_14\PATCHES\STACK_75_BANDS_14_2\hdr\leaf\129_383.HDR,hdr,1,0.0,1.0,0.0,0.0,0.0
643,D:\gyeongsang_22_10_14\PATCHES\STACK_75_BANDS_14_2\hdr\leaf\88_745.HDR,hdr,1,0.0,0.0,1.0,0.0,0.0
292,D:\gyeongsang_22_10_14\PATCHES\STACK_75_BANDS_14_2\hdr\leaf\115_238.HDR,hdr,1,0.0,0.0,1.0,0.0,1.0
94,D:\gyeongsang_22_10_14\PATCHES\STACK_75_BANDS_14_2\hdr\leaf\101_183.HDR,hdr,1,1.0,0.0,0.0,1.0,0.0
281,D:\gyeongsang_22_10_14\PATCHES\STACK_75_BANDS_14_2\hdr\leaf\115_158.HDR,hdr,1,1.0,1.0,0.0,0.0,0.0
362,D:\gyeongsang_22_10_14\PATCHES\STACK_75_BANDS_14\hdr\background\87_552.HDR,hdr,0,0.0,0.0,1.0,0.0,0.0
354,D:\gyeongsang_22_10_14\PATCHES\STACK_75_BANDS_14\hdr\background\130_743.HDR,hdr,0,0.0,1.0,1.0,0.0,1.0
372,D:\gyeongsang_22_10_14\PATCHES\STACK_75_BANDS_14_2\hdr\leaf\116_614.HDR,hdr,1,0.0,0.0,0.0,1.0,1.0
484,D:\gyeongsang_22_10_14\PATCHES\STACK_75_BANDS_14_2\hdr\leaf\129_151.HDR,hdr,1,1.0,0.0,0.0,1.0,0.0
367,D:\gyeongsang_22_10_14\PATCHES\STACK_75_BANDS_14\hdr\background\87_598.HDR,hdr,0,1.0,0.0,0.0,1.0,0.0
224,D:\gyeongsang_22_10_14\PATCHES\STACK_75_BANDS_14\hdr\background\116_867.HDR,hdr,0,1.0,1.0,0.0,0.0,0.0
15,D:\gyeongsang_22_10_14\PATCHES\STACK_75_BANDS_14_2\hdr\diseased\103_11.HDR,hdr,2,0.0,1.0,1.0,0.0,0.0
357,D:\gyeongsang_22_10_14\PATCHES\STACK_75_BANDS_14\hdr\background\130_868.HDR,hdr,0,0.0,0.0,0.0,1.0,0.0
393,D:\gyeongsang_22_10_14\PATCHES\STACK_75_BANDS_14\hdr\background\88_130.HDR,hdr,0,1.0,1.0,1.0,1.0,0.0
81,D:\gyeongsang_22_10_14\PATCHES\STACK_75_BANDS_14\hdr\background\103_344.HDR,hdr,0,0.0,0.0,0.0,1.0,0.0
541,D:\gyeongsang_22_10_14\PATCHES\STACK_75_BANDS_14\hdr\background\89_658.HDR,hdr,0,1.0,0.0,0.0,1.0,1.0
113,D:\gyeongsang_22_10_14\PATCHES\STACK_75_BANDS_14\hdr\background\103_814.HDR,hdr,0,0.0,0.0,0.0,0.0,1.0
101,D:\gyeongsang_22_10_14\PATCHES\STACK_75_BANDS_14_2\hdr\leaf\101_234.HDR,hdr,1,0.0,0.0,0.0,0.0,1.0
107,D:\gyeongsang_22_10_14\PATCHES\STACK_75_BANDS_14_2\hdr\leaf\101_282.HDR,hdr,1,1.0,1.0,1.0,1.0,1.0
46,D:\gyeongsang_22_10_14\PATCHES\STACK_75_BANDS_14_2\hdr\diseased\116_855.HDR,hdr,2,1.0,0.0,1.0,0.0,0.0
516,D:\gyeongsang_22_10_14\PATCHES\STACK_75_BANDS_14\hdr\background\89_314.HDR,hdr,0,0.0,0.0,0.0,1.0,1.0
133,D:\gyeongsang_22_10_14\PATCHES\STACK_75_BANDS_14\hdr\background\115_278.HDR,hdr,0,1.0,0.0,0.0,1.0,0.0
200,D:\gyeongsang_22_10_14\PATCHES\STACK_75_BANDS_14\hdr\background\116_558.HDR,hdr,0,0.0,1.0,1.0,0.0,0.0
231,D:\gyeongsang_22_10_14\PATCHES\STACK_75_BANDS_14\hdr\background\117_134.HDR,hdr,0,0.0,0.0,0.0,0.0,0.0
145,D:\gyeongsang_22_10_14\PATCHES\STACK_75_BANDS_14\hdr\background\115_405.HDR,hdr,0,1.0,0.0,0.0,0.0,0.0
593,D:\gyeongsang_22_10_14\PATCHES\STACK_75_BANDS_14_2\hdr\leaf\88_563.HDR,hdr,1,0.0,0.0,0.0,0.0,0.0
735,D:\gyeongsang_22_10_14\PATCHES\STACK_75_BANDS_14_2\hdr\leaf\90_719.HDR,hdr,1,0.0,0.0,0.0,1.0,1.0
525,D:\gyeongsang_22_10_14\PATCHES\STACK_75_BANDS_14\hdr\background\89_570.HDR,hdr,0,0.0,0.0,0.0,0.0,1.0
345,D:\gyeongsang_22_10_14\PATCHES\STACK_75_BANDS_14\hdr\background\130_513.HDR,hdr,0,0.0,0.0,0.0,1.0,0.0
194,D:\gyeongsang_22_10_14\PATCHES\STACK_75_BANDS_14_2\hdr\leaf\102_590.HDR,hdr,1,1.0,1.0,0.0,0.0,0.0
620,D:\gyeongsang_22_10_14\PATCHES\STACK_75_BANDS_14_2\hdr\leaf\88_640.HDR,hdr,1,0.0,1.0,0.0,0.0,0.0
206,D:\gyeongsang_22_10_14\PATCHES\STACK_75_BANDS_14\hdr\background\116_609.HDR,hdr,0,1.0,1.0,0.0,1.0,1.0
245,D:\gyeongsang_22_10_14\PATCHES\STACK_75_BANDS_14\hdr\background\117_229.HDR,hdr,0,0.0,0.0,0.0,1.0,0.0
102,D:\gyeongsang_22_10_14\PATCHES\STACK_75_BANDS_14\hdr\background\103_729.HDR,hdr,0,1.0,0.0,1.0,0.0,1.0
519,D:\gyeongsang_22_10_14\PATCHES\STACK_75_BANDS_14\hdr\background\89_340.HDR,hdr,0,1.0,1.0,1.0,0.0,1.0
219,D:\gyeongsang_22_10_14\PATCHES\STACK_75_BANDS_14\hdr\background\116_790.HDR,hdr,0,1.0,1.0,0.0,0.0,1.0
166,D:\gyeongsang_22_10_14\PATCHES\STACK_75_BANDS_14_2\hdr\leaf\102_452.HDR,hdr,1,0.0,0.0,0.0,0.0,0.0
429,D:\gyeongsang_22_10_14\PATCHES\STACK_75_BANDS_14_2\hdr\leaf\117_416.HDR,hdr,1,1.0,0.0,0.0,1.0,1.0
160,D:\gyeongsang_22_10_14\PATCHES\STACK_75_BANDS_14\hdr\background\115_638.HDR,hdr,0,0.0,0.0,0.0,1.0,0.0
177,D:\gyeongsang_22_10_14\PATCHES\STACK_75_BANDS_14_2\hdr\leaf\102_499.HDR,hdr,1,0.0,0.0,0.0,0.0,1.0
257,D:\gyeongsang_22_10_14\PATCHES\STACK_75_BANDS_14_2\hdr\leaf\103_591.HDR,hdr,1,0.0,0.0,0.0,1.0,0.0
108,D:\gyeongsang_22_10_14\PATCHES\STACK_75_BANDS_14\hdr\background\103_772.HDR,hdr,0,0.0,0.0,1.0,1.0,1.0
339,D:\gyeongsang_22_10_14\PATCHES\STACK_75_BANDS_14\hdr\background\130_432.HDR,hdr,0,1.0,1.0,1.0,0.0,1.0
99,D:\gyeongsang_22_10_14\PATCHES\STACK_75_BANDS_14_2\hdr\leaf\101_225.HDR,hdr,1,1.0,1.0,0.0,1.0,1.0
401,D:\gyeongsang_22_10_14\PATCHES\STACK_75_BANDS_14\hdr\background\88_157.HDR,hdr,0,0.0,0.0,0.0,0.0,0.0
645,D:\gyeongsang_22_10_14\PATCHES\STACK_75_BANDS_14_2\hdr\leaf\88_755.HDR,hdr,1,0.0,0.0,0.0,1.0,0.0
397,D:\gyeongsang_22_10_14\PATCHES\STACK_75_BANDS_14_2\hdr\leaf\116_763.HDR,hdr,1,1.0,0.0,1.0,0.0,0.0
682,D:\gyeongsang_22_10_14\PATCHES\STACK_75_BANDS_14_2\hdr\leaf\89_377.HDR,hdr,1,1.0,0.0,0.0,0.0,0.0
501,D:\gyeongsang_22_10_14\PATCHES\STACK_75_BANDS_14\hdr\background\89_192.HDR,hdr,0,1.0,0.0,1.0,1.0,0.0
317,D:\gyeongsang_22_10_14\PATCHES\STACK_75_BANDS_14_2\hdr\leaf\115_662.HDR,hdr,1,0.0,0.0,0.0,0.0,1.0
154,D:\gyeongsang_22_10_14\PATCHES\STACK_75_BANDS_14\hdr\background\115_575.HDR,hdr,0,1.0,0.0,0.0,0.0,0.0
151,D:\gyeongsang_22_10_14\PATCHES\STACK_75_BANDS_14_2\hdr\leaf\102_319.HDR,hdr,1,0.0,0.0,0.0,1.0,0.0
485,D:\gyeongsang_22_10_14\PATCHES\STACK_75_BANDS_14\hdr\background\88_82.HDR,hdr,0,0.0,0.0,0.0,0.0,1.0
155,D:\gyeongsang_22_10_14\PATCHES\STACK_75_BANDS_14\hdr\background\115_584.HDR,hdr,0,1.0,1.0,1.0,1.0,0.0
10,D:\gyeongsang_22_10_14\PATCHES\STACK_75_BANDS_14_2\hdr\diseased\102_723.HDR,hdr,2,1.0,1.0,0.0,0.0,1.0
543,D:\gyeongsang_22_10_14\PATCHES\STACK_75_BANDS_14_2\hdr\leaf\130_411.HDR,hdr,1,0.0,0.0,0.0,1.0,0.0
293,D:\gyeongsang_22_10_14\PATCHES\STACK_75_BANDS_14_2\hdr\leaf\115_239.HDR,hdr,1,0.0,1.0,1.0,0.0,1.0
752,D:\gyeongsang_22_10_14\PATCHES\STACK_75_BANDS_14_2\hdr\leaf\90_845.HDR,hdr,1,0.0,0.0,0.0,0.0,0.0
413,D:\gyeongsang_22_10_14\PATCHES\STACK_75_BANDS_14\hdr\background\88_180.HDR,hdr,0,1.0,1.0,1.0,0.0,1.0
545,D:\gyeongsang_22_10_14\PATCHES\STACK_75_BANDS_14\hdr\background\89_678.HDR,hdr,0,1.0,0.0,0.0,0.0,1.0
59,D:\gyeongsang_22_10_14\PATCHES\STACK_75_BANDS_14\hdr\background\102_768.HDR,hdr,0,1.0,1.0,1.0,1.0,1.0
75,D:\gyeongsang_22_10_14\PATCHES\STACK_75_BANDS_14_2\hdr\diseased\88_823.HDR,hdr,2,0.0,1.0,1.0,1.0,0.0
133,D:\gyeongsang_22_10_14\PATCHES\STACK_75_BANDS_14_2\hdr\leaf\102_213.HDR,hdr,1,1.0,0.0,0.0,1.0,0.0
298,D:\gyeongsang_22_10_14\PATCHES\STACK_75_BANDS_14_2\hdr\leaf\115_290.HDR,hdr,1,1.0,0.0,0.0,0.0,0.0
80,D:\gyeongsang_22_10_14\PATCHES\STACK_75_BANDS_14_2\hdr\diseased\89_182.HDR,hdr,2,0.0,0.0,0.0,0.0,1.0
96,D:\gyeongsang_22_10_14\PATCHES\STACK_75_BANDS_14\hdr\background\103_651.HDR,hdr,0,0.0,1.0,0.0,0.0,1.0
53,D:\gyeongsang_22_10_14\PATCHES\STACK_75_BANDS_14_2\hdr\diseased\129_410.HDR,hdr,2,0.0,0.0,0.0,0.0,1.0
153,D:\gyeongsang_22_10_14\PATCHES\STACK_75_BANDS_14\hdr\background\115_540.HDR,hdr,0,0.0,1.0,1.0,0.0,0.0
127,D:\gyeongsang_22_10_14\PATCHES\STACK_75_BANDS_14_2\hdr\leaf\102_147.HDR,hdr,1,0.0,0.0,0.0,0.0,1.0
463,D:\gyeongsang_22_10_14\PATCHES\STACK_75_BANDS_14\hdr\background\88_652.HDR,hdr,0,0.0,0.0,0.0,0.0,1.0
326,D:\gyeongsang_22_10_14\PATCHES\STACK_75_BANDS_14_2\hdr\leaf\115_799.HDR,hdr,1,1.0,1.0,1.0,0.0,0.0
261,D:\gyeongsang_22_10_14\PATCHES\STACK_75_BANDS_14\hdr\background\117_581.HDR,hdr,0,1.0,0.0,1.0,1.0,0.0
3,D:\gyeongsang_22_10_14\PATCHES\STACK_75_BANDS_14_2\hdr\diseased\102_199.HDR,hdr,2,0.0,0.0,0.0,0.0,0.0
158,D:\gyeongsang_22_10_14\PATCHES\STACK_75_BANDS_14\hdr\background\115_615.HDR,hdr,0,1.0,1.0,0.0,0.0,1.0
2,D:\gyeongsang_22_10_14\PATCHES\STACK_75_BANDS_14_2\hdr\diseased\102_177.HDR,hdr,2,0.0,0.0,0.0,0.0,1.0
549,D:\gyeongsang_22_10_14\PATCHES\STACK_75_BANDS_14_2\hdr\leaf\130_483.HDR,hdr,1,1.0,1.0,1.0,1.0,1.0
511,D:\gyeongsang_22_10_14\PATCHES\STACK_75_BANDS_14_2\hdr\leaf\129_465.HDR,hdr,1,1.0,1.0,0.0,0.0,1.0
104,D:\gyeongsang_22_10_14\PATCHES\STACK_75_BANDS_14_2\hdr\leaf\101_256.HDR,hdr,1,0.0,1.0,1.0,0.0,1.0
354,D:\gyeongsang_22_10_14\PATCHES\STACK_75_BANDS_14_2\hdr\leaf\116_434.HDR,hdr,1,0.0,1.0,1.0,0.0,1.0
524,D:\gyeongsang_22_10_14\PATCHES\STACK_75_BANDS_14\hdr\background\89_5.HDR,hdr,0,1.0,0.0,0.0,0.0,0.0
199,D:\gyeongsang_22_10_14\PATCHES\STACK_75_BANDS_14_2\hdr\leaf\102_798.HDR,hdr,1,0.0,0.0,1.0,0.0,0.0
55,D:\gyeongsang_22_10_14\PATCHES\STACK_75_BANDS_14_2\hdr\diseased\130_116.HDR,hdr,2,1.0,1.0,0.0,1.0,1.0
330,D:\gyeongsang_22_10_14\PATCHES\STACK_75_BANDS_14_2\hdr\leaf\116_124.HDR,hdr,1,0.0,0.0,0.0,0.0,1.0
749,D:\gyeongsang_22_10_14\PATCHES\STACK_75_BANDS_14_2\hdr\leaf\90_816.HDR,hdr,1,1.0,0.0,1.0,1.0,0.0
22,D:\gyeongsang_22_10_14\PATCHES\STACK_75_BANDS_14_2\hdr\diseased\103_572.HDR,hdr,2,0.0,1.0,1.0,0.0,1.0
259,D:\gyeongsang_22_10_14\PATCHES\STACK_75_BANDS_14_2\hdr\leaf\103_606.HDR,hdr,1,1.0,1.0,0.0,0.0,0.0
663,D:\gyeongsang_22_10_14\PATCHES\STACK_75_BANDS_14_2\hdr\leaf\89_241.HDR,hdr,1,1.0,0.0,0.0,0.0,0.0
162,D:\gyeongsang_22_10_14\PATCHES\STACK_75_BANDS_14\hdr\background\115_649.HDR,hdr,0,0.0,1.0,0.0,0.0,0.0
586,D:\gyeongsang_22_10_14\PATCHES\STACK_75_BANDS_14_2\hdr\leaf\88_526.HDR,hdr,1,0.0,1.0,0.0,0.0,0.0
323,D:\gyeongsang_22_10_14\PATCHES\STACK_75_BANDS_14_2\hdr\leaf\115_771.HDR,hdr,1,0.0,0.0,0.0,1.0,0.0
159,D:\gyeongsang_22_10_14\PATCHES\STACK_75_BANDS_14\hdr\background\115_619.HDR,hdr,0,0.0,0.0,0.0,1.0,0.0
18,D:\gyeongsang_22_10_14\PATCHES\STACK_75_BANDS_14_2\hdr\diseased\103_449.HDR,hdr,2,1.0,0.0,1.0,0.0,1.0
560,D:\gyeongsang_22_10_14\PATCHES\STACK_75_BANDS_14_2\hdr\leaf\130_876.HDR,hdr,1,0.0,0.0,1.0,0.0,1.0
54,D:\gyeongsang_22_10_14\PATCHES\STACK_75_BANDS_14_2\hdr\diseased\130_106.HDR,hdr,2,1.0,0.0,1.0,0.0,0.0
141,D:\gyeongsang_22_10_14\PATCHES\STACK_75_BANDS_14_2\hdr\leaf\102_237.HDR,hdr,1,0.0,0.0,1.0,1.0,0.0
50,D:\gyeongsang_22_10_14\PATCHES\STACK_75_BANDS_14_2\hdr\diseased\117_355.HDR,hdr,2,0.0,0.0,1.0,1.0,0.0
376,D:\gyeongsang_22_10_14\PATCHES\STACK_75_BANDS_14\hdr\background\87_742.HDR,hdr,0,0.0,0.0,1.0,0.0,1.0
486,D:\gyeongsang_22_10_14\PATCHES\STACK_75_BANDS_14_2\hdr\leaf\129_175.HDR,hdr,1,0.0,1.0,0.0,0.0,0.0
38,D:\gyeongsang_22_10_14\PATCHES\STACK_75_BANDS_14\hdr\background\102_524.HDR,hdr,0,0.0,0.0,1.0,1.0,0.0
436,D:\gyeongsang_22_10_14\PATCHES\STACK_75_BANDS_14\hdr\background\88_267.HDR,hdr,0,0.0,1.0,0.0,0.0,0.0
333,D:\gyeongsang_22_10_14\PATCHES\STACK_75_BANDS_14\hdr\background\130_368.HDR,hdr,0,0.0,0.0,1.0,0.0,1.0
241,D:\gyeongsang_22_10_14\PATCHES\STACK_75_BANDS_14\hdr\background\117_209.HDR,hdr,0,1.0,0.0,1.0,0.0,0.0
8,D:\gyeongsang_22_10_14\PATCHES\STACK_75_BANDS_14_2\hdr\diseased\102_706.HDR,hdr,2,0.0,1.0,1.0,1.0,1.0
30,D:\gyeongsang_22_10_14\PATCHES\STACK_75_BANDS_14\hdr\background\102_403.HDR,hdr,0,1.0,1.0,1.0,1.0,1.0
90,D:\gyeongsang_22_10_14\PATCHES\STACK_75_BANDS_14\hdr\background\103_523.HDR,hdr,0,0.0,0.0,1.0,1.0,0.0
66,D:\gyeongsang_22_10_14\PATCHES\STACK_75_BANDS_14\hdr\background\102_831.HDR,hdr,0,1.0,1.0,0.0,0.0,0.0
741,D:\gyeongsang_22_10_14\PATCHES\STACK_75_BANDS_14_2\hdr\leaf\90_763.HDR,hdr,1,0.0,0.0,1.0,0.0,1.0
190,D:\gyeongsang_22_10_14\PATCHES\STACK_75_BANDS_14_2\hdr\leaf\102_560.HDR,hdr,1,1.0,0.0,1.0,1.0,1.0
511,D:\gyeongsang_22_10_14\PATCHES\STACK_75_BANDS_14\hdr\background\89_260.HDR,hdr,0,1.0,1.0,0.0,0.0,1.0
90,D:\gyeongsang_22_10_14\PATCHES\STACK_75_BANDS_14_2\hdr\leaf\101_129.HDR,hdr,1,0.0,0.0,1.0,1.0,0.0
426,D:\gyeongsang_22_10_14\PATCHES\STACK_75_BANDS_14_2\hdr\leaf\117_387.HDR,hdr,1,0.0,0.0,1.0,0.0,0.0
208,D:\gyeongsang_22_10_14\PATCHES\STACK_75_BANDS_14\hdr\background\116_64.HDR,hdr,0,0.0,1.0,0.0,0.0,0.0
171,D:\gyeongsang_22_10_14\PATCHES\STACK_75_BANDS_14\hdr\background\115_89.HDR,hdr,0,0.0,0.0,0.0,0.0,1.0
424,D:\gyeongsang_22_10_14\PATCHES\STACK_75_BANDS_14\hdr\background\88_20.HDR,hdr,0,0.0,0.0,1.0,1.0,0.0
507,D:\gyeongsang_22_10_14\PATCHES\STACK_75_BANDS_14\hdr\background\89_240.HDR,hdr,0,1.0,0.0,0.0,1.0,1.0
196,D:\gyeongsang_22_10_14\PATCHES\STACK_75_BANDS_14\hdr\background\116_523.HDR,hdr,0,0.0,0.0,1.0,0.0,0.0
122,D:\gyeongsang_22_10_14\PATCHES\STACK_75_BANDS_14\hdr\background\115_114.HDR,hdr,0,0.0,0.0,0.0,0.0,0.0
57,D:\gyeongsang_22_10_14\PATCHES\STACK_75_BANDS_14_2\hdr\diseased\130_168.HDR,hdr,2,0.0,0.0,0.0,0.0,0.0
173,D:\gyeongsang_22_10_14\PATCHES\STACK_75_BANDS_14\hdr\background\116_129.HDR,hdr,0,0.0,0.0,0.0,0.0,1.0
38,D:\gyeongsang_22_10_14\PATCHES\STACK_75_BANDS_14_2\hdr\diseased\116_739.HDR,hdr,2,0.0,0.0,1.0,1.0,0.0
502,D:\gyeongsang_22_10_14\PATCHES\STACK_75_BANDS_14_2\hdr\leaf\129_409.HDR,hdr,1,1.0,0.0,1.0,0.0,0.0
211,D:\gyeongsang_22_10_14\PATCHES\STACK_75_BANDS_14\hdr\background\116_671.HDR,hdr,0,0.0,0.0,0.0,1.0,0.0
135,D:\gyeongsang_22_10_14\PATCHES\STACK_75_BANDS_14_2\hdr\leaf\102_216.HDR,hdr,1,1.0,1.0,0.0,1.0,0.0
506,D:\gyeongsang_22_10_14\PATCHES\STACK_75_BANDS_14_2\hdr\leaf\129_437.HDR,hdr,1,1.0,1.0,0.0,1.0,0.0
445,D:\gyeongsang_22_10_14\PATCHES\STACK_75_BANDS_14\hdr\background\88_36.HDR,hdr,0,0.0,0.0,0.0,1.0,1.0
2,D:\gyeongsang_22_10_14\PATCHES\STACK_75_BANDS_14\hdr\background\101_720.HDR,hdr,0,0.0,0.0,0.0,0.0,1.0
336,D:\gyeongsang_22_10_14\PATCHES\STACK_75_BANDS_14\hdr\background\130_393.HDR,hdr,0,1.0,1.0,1.0,0.0,1.0
547,D:\gyeongsang_22_10_14\PATCHES\STACK_75_BANDS_14_2\hdr\leaf\130_464.HDR,hdr,1,0.0,0.0,1.0,1.0,1.0
198,D:\gyeongsang_22_10_14\PATCHES\STACK_75_BANDS_14\hdr\background\116_548.HDR,hdr,0,0.0,0.0,0.0,0.0,1.0
558,D:\gyeongsang_22_10_14\PATCHES\STACK_75_BANDS_14_2\hdr\leaf\130_827.HDR,hdr,1,0.0,0.0,1.0,0.0,0.0
34,D:\gyeongsang_22_10_14\PATCHES\STACK_75_BANDS_14_2\hdr\diseased\116_258.HDR,hdr,2,1.0,1.0,1.0,0.0,1.0
41,D:\gyeongsang_22_10_14\PATCHES\STACK_75_BANDS_14_2\hdr\diseased\116_764.HDR,hdr,2,1.0,0.0,0.0,0.0,0.0
669,D:\gyeongsang_22_10_14\PATCHES\STACK_75_BANDS_14_2\hdr\leaf\89_287.HDR,hdr,1,0.0,0.0,0.0,1.0,1.0
365,D:\gyeongsang_22_10_14\PATCHES\STACK_75_BANDS_14\hdr\background\87_569.HDR,hdr,0,0.0,0.0,1.0,1.0,1.0
495,D:\gyeongsang_22_10_14\PATCHES\STACK_75_BANDS_14\hdr\background\88_892.HDR,hdr,0,0.0,0.0,1.0,0.0,1.0
236,D:\gyeongsang_22_10_14\PATCHES\STACK_75_BANDS_14\hdr\background\117_187.HDR,hdr,0,0.0,0.0,0.0,0.0,0.0
165,D:\gyeongsang_22_10_14\PATCHES\STACK_75_BANDS_14_2\hdr\leaf\102_451.HDR,hdr,1,0.0,0.0,1.0,0.0,0.0
78,D:\gyeongsang_22_10_14\PATCHES\STACK_75_BANDS_14_2\hdr\diseased\88_876.HDR,hdr,2,0.0,0.0,0.0,1.0,1.0
697,D:\gyeongsang_22_10_14\PATCHES\STACK_75_BANDS_14_2\hdr\leaf\89_551.HDR,hdr,1,0.0,0.0,0.0,0.0,0.0
381,D:\gyeongsang_22_10_14\PATCHES\STACK_75_BANDS_14\hdr\background\87_771.HDR,hdr,0,1.0,1.0,1.0,0.0,1.0
11,D:\gyeongsang_22_10_14\PATCHES\STACK_75_BANDS_14_2\hdr\diseased\102_728.HDR,hdr,2,1.0,0.0,1.0,0.0,1.0
533,D:\gyeongsang_22_10_14\PATCHES\STACK_75_BANDS_14\hdr\background\89_625.HDR,hdr,0,1.0,0.0,0.0,1.0,1.0
577,D:\gyeongsang_22_10_14\PATCHES\STACK_75_BANDS_14_2\hdr\leaf\88_362.HDR,hdr,1,0.0,0.0,0.0,0.0,1.0
565,D:\gyeongsang_22_10_14\PATCHES\STACK_75_BANDS_14_2\hdr\leaf\87_658.HDR,hdr,1,0.0,0.0,0.0,1.0,0.0
518,D:\gyeongsang_22_10_14\PATCHES\STACK_75_BANDS_14\hdr\background\89_32.HDR,hdr,0,0.0,0.0,1.0,0.0,0.0
4,D:\gyeongsang_22_10_14\PATCHES\STACK_75_BANDS_14\hdr\background\101_750.HDR,hdr,0,0.0,1.0,1.0,1.0,1.0
157,D:\gyeongsang_22_10_14\PATCHES\STACK_75_BANDS_14\hdr\background\115_605.HDR,hdr,0,0.0,1.0,0.0,1.0,0.0
403,D:\gyeongsang_22_10_14\PATCHES\STACK_75_BANDS_14_2\hdr\leaf\116_95.HDR,hdr,1,0.0,0.0,0.0,0.0,0.0
322,D:\gyeongsang_22_10_14\PATCHES\STACK_75_BANDS_14\hdr\background\130_254.HDR,hdr,0,0.0,0.0,1.0,0.0,1.0
711,D:\gyeongsang_22_10_14\PATCHES\STACK_75_BANDS_14_2\hdr\leaf\89_673.HDR,hdr,1,0.0,0.0,0.0,0.0,0.0
0,D:\gyeongsang_22_10_14\PATCHES\STACK_75_BANDS_14_2\hdr\diseased\102_148.HDR,hdr,2,0.0,0.0,0.0,0.0,0.0
213,D:\gyeongsang_22_10_14\PATCHES\STACK_75_BANDS_14_2\hdr\leaf\103_170.HDR,hdr,1,0.0,1.0,0.0,0.0,1.0
313,D:\gyeongsang_22_10_14\PATCHES\STACK_75_BANDS_14\hdr\background\129_708.HDR,hdr,0,0.0,1.0,1.0,0.0,1.0
71,D:\gyeongsang_22_10_14\PATCHES\STACK_75_BANDS_14\hdr\background\103_211.HDR,hdr,0,0.0,1.0,1.0,0.0,0.0
453,D:\gyeongsang_22_10_14\PATCHES\STACK_75_BANDS_14\hdr\background\88_528.HDR,hdr,0,1.0,0.0,0.0,0.0,1.0
513,D:\gyeongsang_22_10_14\PATCHES\STACK_75_BANDS_14\hdr\background\89_278.HDR,hdr,0,0.0,0.0,1.0,1.0,1.0
629,D:\gyeongsang_22_10_14\PATCHES\STACK_75_BANDS_14_2\hdr\leaf\88_674.HDR,hdr,1,0.0,0.0,0.0,0.0,1.0
632,D:\gyeongsang_22_10_14\PATCHES\STACK_75_BANDS_14_2\hdr\leaf\88_682.HDR,hdr,1,0.0,0.0,0.0,1.0,1.0
230,D:\gyeongsang_22_10_14\PATCHES\STACK_75_BANDS_14\hdr\background\117_132.HDR,hdr,0,0.0,1.0,0.0,0.0,0.0
490,D:\gyeongsang_22_10_14\PATCHES\STACK_75_BANDS_14_2\hdr\leaf\129_202.HDR,hdr,1,0.0,0.0,1.0,0.0,1.0
527,D:\gyeongsang_22_10_14\PATCHES\STACK_75_BANDS_14_2\hdr\leaf\130_260.HDR,hdr,1,0.0,0.0,0.0,0.0,0.0
336,D:\gyeongsang_22_10_14\PATCHES\STACK_75_BANDS_14_2\hdr\leaf\116_217.HDR,hdr,1,1.0,1.0,1.0,0.0,1.0
461,D:\gyeongsang_22_10_14\PATCHES\STACK_75_BANDS_14\hdr\background\88_628.HDR,hdr,0,1.0,0.0,1.0,1.0,0.0
40,D:\gyeongsang_22_10_14\PATCHES\STACK_75_BANDS_14_2\hdr\diseased\116_757.HDR,hdr,2,0.0,0.0,0.0,0.0,1.0
388,D:\gyeongsang_22_10_14\PATCHES\STACK_75_BANDS_14_2\hdr\leaf\116_665.HDR,hdr,1,1.0,0.0,0.0,1.0,1.0
200,D:\gyeongsang_22_10_14\PATCHES\STACK_75_BANDS_14_2\hdr\leaf\102_803.HDR,hdr,1,0.0,1.0,1.0,0.0,0.0
445,D:\gyeongsang_22_10_14\PATCHES\STACK_75_BANDS_14_2\hdr\leaf\117_596.HDR,hdr,1,0.0,0.0,0.0,1.0,1.0
233,D:\gyeongsang_22_10_14\PATCHES\STACK_75_BANDS_14\hdr\background\117_160.HDR,hdr,0,1.0,0.0,0.0,0.0,1.0
443,D:\gyeongsang_22_10_14\PATCHES\STACK_75_BANDS_14\hdr\background\88_35.HDR,hdr,0,1.0,1.0,1.0,1.0,1.0
283,D:\gyeongsang_22_10_14\PATCHES\STACK_75_BANDS_14_2\hdr\leaf\115_182.HDR,hdr,1,0.0,1.0,1.0,1.0,1.0
493,D:\gyeongsang_22_10_14\PATCHES\STACK_75_BANDS_14\hdr\background\88_886.HDR,hdr,0,0.0,1.0,0.0,0.0,0.0
533,D:\gyeongsang_22_10_14\PATCHES\STACK_75_BANDS_14_2\hdr\leaf\130_299.HDR,hdr,1,1.0,0.0,0.0,1.0,1.0
59,D:\gyeongsang_22_10_14\PATCHES\STACK_75_BANDS_14_2\hdr\diseased\130_520.HDR,hdr,2,1.0,1.0,1.0,1.0,1.0
581,D:\gyeongsang_22_10_14\PATCHES\STACK_75_BANDS_14_2\hdr\leaf\88_491.HDR,hdr,1,0.0,1.0,1.0,0.0,1.0
568,D:\gyeongsang_22_10_14\PATCHES\STACK_75_BANDS_14_2\hdr\leaf\87_773.HDR,hdr,1,0.0,0.0,1.0,0.0,0.0
242,D:\gyeongsang_22_10_14\PATCHES\STACK_75_BANDS_14_2\hdr\leaf\103_364.HDR,hdr,1,0.0,0.0,0.0,1.0,0.0
470,D:\gyeongsang_22_10_14\PATCHES\STACK_75_BANDS_14\hdr\background\88_690.HDR,hdr,0,1.0,0.0,0.0,0.0,0.0
165,D:\gyeongsang_22_10_14\PATCHES\STACK_75_BANDS_14\hdr\background\115_711.HDR,hdr,0,0.0,0.0,1.0,0.0,0.0
448,D:\gyeongsang_22_10_14\PATCHES\STACK_75_BANDS_14_2\hdr\leaf\117_630.HDR,hdr,1,0.0,0.0,0.0,1.0,1.0
579,D:\gyeongsang_22_10_14\PATCHES\STACK_75_BANDS_14_2\hdr\leaf\88_381.HDR,hdr,1,0.0,1.0,0.0,0.0,0.0
155,D:\gyeongsang_22_10_14\PATCHES\STACK_75_BANDS_14_2\hdr\leaf\102_371.HDR,hdr,1,1.0,1.0,1.0,1.0,0.0
71,D:\gyeongsang_22_10_14\PATCHES\STACK_75_BANDS_14_2\hdr\diseased\88_535.HDR,hdr,2,0.0,1.0,1.0,0.0,0.0
617,D:\gyeongsang_22_10_14\PATCHES\STACK_75_BANDS_14_2\hdr\leaf\88_632.HDR,hdr,1,1.0,0.0,0.0,0.0,1.0
548,D:\gyeongsang_22_10_14\PATCHES\STACK_75_BANDS_14\hdr\background\89_7.HDR,hdr,0,0.0,0.0,1.0,0.0,0.0
137,D:\gyeongsang_22_10_14\PATCHES\STACK_75_BANDS_14\hdr\background\115_314.HDR,hdr,0,1.0,0.0,0.0,1.0,1.0
442,D:\gyeongsang_22_10_14\PATCHES\STACK_75_BANDS_14_2\hdr\leaf\117_567.HDR,hdr,1,1.0,0.0,0.0,0.0,0.0
667,D:\gyeongsang_22_10_14\PATCHES\STACK_75_BANDS_14_2\hdr\leaf\89_281.HDR,hdr,1,0.0,1.0,0.0,0.0,0.0
273,D:\gyeongsang_22_10_14\PATCHES\STACK_75_BANDS_14_2\hdr\leaf\103_739.HDR,hdr,1,1.0,0.0,0.0,0.0,0.0
297,D:\gyeongsang_22_10_14\PATCHES\STACK_75_BANDS_14_2\hdr\leaf\115_258.HDR,hdr,1,0.0,0.0,1.0,0.0,0.0
469,D:\gyeongsang_22_10_14\PATCHES\STACK_75_BANDS_14\hdr\background\88_683.HDR,hdr,0,0.0,0.0,0.0,0.0,0.0
706,D:\gyeongsang_22_10_14\PATCHES\STACK_75_BANDS_14_2\hdr\leaf\89_643.HDR,hdr,1,0.0,0.0,1.0,0.0,0.0
34,D:\gyeongsang_22_10_14\PATCHES\STACK_75_BANDS_14\hdr\background\102_459.HDR,hdr,0,1.0,1.0,1.0,0.0,1.0
319,D:\gyeongsang_22_10_14\PATCHES\STACK_75_BANDS_14\hdr\background\130_215.HDR,hdr,0,0.0,1.0,1.0,0.0,1.0
536,D:\gyeongsang_22_10_14\PATCHES\STACK_75_BANDS_14\hdr\background\89_630.HDR,hdr,0,0.0,1.0,0.0,1.0,0.0
232,D:\gyeongsang_22_10_14\PATCHES\STACK_75_BANDS_14\hdr\background\117_144.HDR,hdr,0,0.0,1.0,0.0,0.0,1.0
48,D:\gyeongsang_22_10_14\PATCHES\STACK_75_BANDS_14_2\hdr\diseased\117_180.HDR,hdr,2,0.0,1.0,1.0,1.0,1.0
8,D:\gyeongsang_22_10_14\PATCHES\STACK_75_BANDS_14\hdr\background\101_795.HDR,hdr,0,0.0,1.0,1.0,1.0,1.0
596,D:\gyeongsang_22_10_14\PATCHES\STACK_75_BANDS_14_2\hdr\leaf\88_572.HDR,hdr,1,0.0,0.0,0.0,1.0,0.0
76,D:\gyeongsang_22_10_14\PATCHES\STACK_75_BANDS_14\hdr\background\103_303.HDR,hdr,0,1.0,1.0,0.0,1.0,1.0
244,D:\gyeongsang_22_10_14\PATCHES\STACK_75_BANDS_14_2\hdr\leaf\103_397.HDR,hdr,1,0.0,0.0,0.0,0.0,0.0
55,D:\gyeongsang_22_10_14\PATCHES\STACK_75_BANDS_14\hdr\background\102_729.HDR,hdr,0,1.0,1.0,0.0,1.0,1.0
190,D:\gyeongsang_22_10_14\PATCHES\STACK_75_BANDS_14\hdr\background\116_422.HDR,hdr,0,1.0,0.0,1.0,1.0,1.0
102,D:\gyeongsang_22_10_14\PATCHES\STACK_75_BANDS_14_2\hdr\leaf\101_241.HDR,hdr,1,1.0,0.0,1.0,0.0,1.0
265,D:\gyeongsang_22_10_14\PATCHES\STACK_75_BANDS_14_2\hdr\leaf\103_674.HDR,hdr,1,0.0,1.0,1.0,0.0,1.0
710,D:\gyeongsang_22_10_14\PATCHES\STACK_75_BANDS_14_2\hdr\leaf\89_672.HDR,hdr,1,0.0,0.0,0.0,1.0,0.0
584,D:\gyeongsang_22_10_14\PATCHES\STACK_75_BANDS_14_2\hdr\leaf\88_513.HDR,hdr,1,0.0,1.0,0.0,0.0,1.0
666,D:\gyeongsang_22_10_14\PATCHES\STACK_75_BANDS_14_2\hdr\leaf\89_275.HDR,hdr,1,0.0,1.0,1.0,1.0,1.0
262,D:\gyeongsang_22_10_14\PATCHES\STACK_75_BANDS_14_2\hdr\leaf\103_662.HDR,hdr,1,1.0,0.0,0.0,1.0,1.0
400,D:\gyeongsang_22_10_14\PATCHES\STACK_75_BANDS_14_2\hdr\leaf\116_793.HDR,hdr,1,1.0,1.0,0.0,0.0,0.0
172,D:\gyeongsang_22_10_14\PATCHES\STACK_75_BANDS_14_2\hdr\leaf\102_477.HDR,hdr,1,1.0,0.0,1.0,1.0,1.0
471,D:\gyeongsang_22_10_14\PATCHES\STACK_75_BANDS_14_2\hdr\leaf\117_798.HDR,hdr,1,0.0,1.0,0.0,1.0,1.0
571,D:\gyeongsang_22_10_14\PATCHES\STACK_75_BANDS_14_2\hdr\leaf\87_817.HDR,hdr,1,0.0,0.0,1.0,0.0,0.0
462,D:\gyeongsang_22_10_14\PATCHES\STACK_75_BANDS_14_2\hdr\leaf\117_754.HDR,hdr,1,1.0,0.0,0.0,1.0,0.0
263,D:\gyeongsang_22_10_14\PATCHES\STACK_75_BANDS_14\hdr\background\117_643.HDR,hdr,0,0.0,0.0,0.0,0.0,1.0
124,D:\gyeongsang_22_10_14\PATCHES\STACK_75_BANDS_14_2\hdr\leaf\102_115.HDR,hdr,1,0.0,1.0,1.0,1.0,1.0
355,D:\gyeongsang_22_10_14\PATCHES\STACK_75_BANDS_14\hdr\background\130_749.HDR,hdr,0,0.0,1.0,1.0,0.0,1.0
570,D:\gyeongsang_22_10_14\PATCHES\STACK_75_BANDS_14_2\hdr\leaf\87_790.HDR,hdr,1,1.0,1.0,1.0,0.0,0.0
235,D:\gyeongsang_22_10_14\PATCHES\STACK_75_BANDS_14\hdr\background\117_173.HDR,hdr,0,0.0,0.0,0.0,1.0,0.0
32,D:\gyeongsang_22_10_14\PATCHES\STACK_75_BANDS_14_2\hdr\diseased\116_214.HDR,hdr,2,0.0,0.0,0.0,0.0,0.0
700,D:\gyeongsang_22_10_14\PATCHES\STACK_75_BANDS_14_2\hdr\leaf\89_582.HDR,hdr,1,0.0,1.0,0.0,1.0,0.0
5,D:\gyeongsang_22_10_14\PATCHES\STACK_75_BANDS_14\hdr\background\101_756.HDR,hdr,0,0.0,1.0,1.0,1.0,1.0
167,D:\gyeongsang_22_10_14\PATCHES\STACK_75_BANDS_14\hdr\background\115_765.HDR,hdr,0,1.0,1.0,1.0,0.0,0.0
608,D:\gyeongsang_22_10_14\PATCHES\STACK_75_BANDS_14_2\hdr\leaf\88_601.HDR,hdr,1,1.0,1.0,1.0,1.0,1.0
337,D:\gyeongsang_22_10_14\PATCHES\STACK_75_BANDS_14\hdr\background\130_395.HDR,hdr,0,0.0,1.0,0.0,1.0,0.0
540,D:\gyeongsang_22_10_14\PATCHES\STACK_75_BANDS_14_2\hdr\leaf\130_381.HDR,hdr,1,0.0,0.0,0.0,0.0,1.0
44,D:\gyeongsang_22_10_14\PATCHES\STACK_75_BANDS_14_2\hdr\diseased\116_803.HDR,hdr,2,1.0,0.0,0.0,1.0,0.0
748,D:\gyeongsang_22_10_14\PATCHES\STACK_75_BANDS_14_2\hdr\leaf\90_809.HDR,hdr,1,1.0,0.0,0.0,1.0,0.0
600,D:\gyeongsang_22_10_14\PATCHES\STACK_75_BANDS_14_2\hdr\leaf\88_583.HDR,hdr,1,0.0,0.0,0.0,0.0,1.0
329,D:\gyeongsang_22_10_14\PATCHES\STACK_75_BANDS_14_2\hdr\leaf\115_833.HDR,hdr,1,1.0,1.0,1.0,0.0,0.0
683,D:\gyeongsang_22_10_14\PATCHES\STACK_75_BANDS_14_2\hdr\leaf\89_390.HDR,hdr,1,0.0,0.0,0.0,0.0,0.0
439,D:\gyeongsang_22_10_14\PATCHES\STACK_75_BANDS_14\hdr\background\88_30.HDR,hdr,0,1.0,1.0,1.0,1.0,1.0
258,D:\gyeongsang_22_10_14\PATCHES\STACK_75_BANDS_14_2\hdr\leaf\103_605.HDR,hdr,1,1.0,0.0,0.0,0.0,0.0
240,D:\gyeongsang_22_10_14\PATCHES\STACK_75_BANDS_14\hdr\background\117_205.HDR,hdr,0,1.0,0.0,1.0,0.0,1.0
21,D:\gyeongsang_22_10_14\PATCHES\STACK_75_BANDS_14\hdr\background\102_182.HDR,hdr,0,1.0,0.0,0.0,1.0,1.0
592,D:\gyeongsang_22_10_14\PATCHES\STACK_75_BANDS_14_2\hdr\leaf\88_562.HDR,hdr,1,0.0,1.0,0.0,0.0,0.0
243,D:\gyeongsang_22_10_14\PATCHES\STACK_75_BANDS_14\hdr\background\117_217.HDR,hdr,0,0.0,0.0,0.0,0.0,1.0
274,D:\gyeongsang_22_10_14\PATCHES\STACK_75_BANDS_14_2\hdr\leaf\103_75.HDR,hdr,1,0.0,0.0,0.0,0.0,0.0
465,D:\gyeongsang_22_10_14\PATCHES\STACK_75_BANDS_14_2\hdr\leaf\117_767.HDR,hdr,1,1.0,0.0,0.0,0.0,0.0
350,D:\gyeongsang_22_10_14\PATCHES\STACK_75_BANDS_14_2\hdr\leaf\116_400.HDR,hdr,1,1.0,1.0,1.0,1.0,0.0
497,D:\gyeongsang_22_10_14\PATCHES\STACK_75_BANDS_14\hdr\background\89_121.HDR,hdr,0,1.0,0.0,1.0,0.0,0.0
97,D:\gyeongsang_22_10_14\PATCHES\STACK_75_BANDS_14\hdr\background\103_668.HDR,hdr,0,0.0,1.0,0.0,0.0,0.0
562,D:\gyeongsang_22_10_14\PATCHES\STACK_75_BANDS_14_2\hdr\leaf\87_612.HDR,hdr,1,1.0,1.0,1.0,1.0,0.0
530,D:\gyeongsang_22_10_14\PATCHES\STACK_75_BANDS_14\hdr\background\89_609.HDR,hdr,0,1.0,0.0,0.0,0.0,0.0
272,D:\gyeongsang_22_10_14\PATCHES\STACK_75_BANDS_14\hdr\background\117_73.HDR,hdr,0,0.0,1.0,1.0,1.0,0.0
52,D:\gyeongsang_22_10_14\PATCHES\STACK_75_BANDS_14\hdr\background\102_698.HDR,hdr,0,0.0,0.0,0.0,0.0,0.0
195,D:\gyeongsang_22_10_14\PATCHES\STACK_75_BANDS_14_2\hdr\leaf\102_596.HDR,hdr,1,1.0,0.0,0.0,1.0,0.0
4,D:\gyeongsang_22_10_14\PATCHES\STACK_75_BANDS_14_2\hdr\diseased\102_289.HDR,hdr,2,0.0,1.0,1.0,1.0,1.0
476,D:\gyeongsang_22_10_14\PATCHES\STACK_75_BANDS_14\hdr\background\88_740.HDR,hdr,0,1.0,0.0,0.0,0.0,0.0
89,D:\gyeongsang_22_10_14\PATCHES\STACK_75_BANDS_14\hdr\background\103_478.HDR,hdr,0,0.0,0.0,0.0,1.0,0.0
219,D:\gyeongsang_22_10_14\PATCHES\STACK_75_BANDS_14_2\hdr\leaf\103_201.HDR,hdr,1,1.0,1.0,0.0,0.0,1.0
179,D:\gyeongsang_22_10_14\PATCHES\STACK_75_BANDS_14_2\hdr\leaf\102_508.HDR,hdr,1,0.0,0.0,0.0,0.0,0.0
284,D:\gyeongsang_22_10_14\PATCHES\STACK_75_BANDS_14\hdr\background\117_892.HDR,hdr,0,1.0,1.0,1.0,1.0,0.0
439,D:\gyeongsang_22_10_14\PATCHES\STACK_75_BANDS_14_2\hdr\leaf\117_549.HDR,hdr,1,1.0,1.0,1.0,1.0,1.0
348,D:\gyeongsang_22_10_14\PATCHES\STACK_75_BANDS_14\hdr\background\130_60.HDR,hdr,0,1.0,0.0,0.0,1.0,1.0
68,D:\gyeongsang_22_10_14\PATCHES\STACK_75_BANDS_14\hdr\background\102_861.HDR,hdr,0,1.0,1.0,1.0,1.0,1.0
483,D:\gyeongsang_22_10_14\PATCHES\STACK_75_BANDS_14\hdr\background\88_812.HDR,hdr,0,0.0,0.0,0.0,0.0,0.0
517,D:\gyeongsang_22_10_14\PATCHES\STACK_75_BANDS_14\hdr\background\89_315.HDR,hdr,0,0.0,0.0,0.0,0.0,0.0
26,D:\gyeongsang_22_10_14\PATCHES\STACK_75_BANDS_14_2\hdr\diseased\115_329.HDR,hdr,2,0.0,1.0,0.0,0.0,0.0
164,D:\gyeongsang_22_10_14\PATCHES\STACK_75_BANDS_14\hdr\background\115_670.HDR,hdr,0,0.0,1.0,0.0,0.0,1.0
37,D:\gyeongsang_22_10_14\PATCHES\STACK_75_BANDS_14_2\hdr\diseased\116_734.HDR,hdr,2,0.0,0.0,1.0,0.0,1.0
14,D:\gyeongsang_22_10_14\PATCHES\STACK_75_BANDS_14\hdr\background\101_822.HDR,hdr,0,0.0,0.0,0.0,0.0,1.0
168,D:\gyeongsang_22_10_14\PATCHES\STACK_75_BANDS_14\hdr\background\115_785.HDR,hdr,0,1.0,0.0,0.0,0.0,1.0
72,D:\gyeongsang_22_10_14\PATCHES\STACK_75_BANDS_14_2\hdr\diseased\88_624.HDR,hdr,2,0.0,0.0,0.0,0.0,1.0
361,D:\gyeongsang_22_10_14\PATCHES\STACK_75_BANDS_14\hdr\background\87_545.HDR,hdr,0,0.0,0.0,0.0,0.0,0.0
153,D:\gyeongsang_22_10_14\PATCHES\STACK_75_BANDS_14_2\hdr\leaf\102_335.HDR,hdr,1,0.0,1.0,1.0,0.0,0.0
45,D:\gyeongsang_22_10_14\PATCHES\STACK_75_BANDS_14_2\hdr\diseased\116_806.HDR,hdr,2,0.0,1.0,1.0,0.0,1.0
591,D:\gyeongsang_22_10_14\PATCHES\STACK_75_BANDS_14_2\hdr\leaf\88_554.HDR,hdr,1,0.0,0.0,0.0,0.0,1.0
136,D:\gyeongsang_22_10_14\PATCHES\STACK_75_BANDS_14_2\hdr\leaf\102_228.HDR,hdr,1,1.0,0.0,1.0,0.0,1.0
404,D:\gyeongsang_22_10_14\PATCHES\STACK_75_BANDS_14_2\hdr\leaf\117_103.HDR,hdr,1,0.0,0.0,1.0,1.0,0.0
534,D:\gyeongsang_22_10_14\PATCHES\STACK_75_BANDS_14_2\hdr\leaf\130_302.HDR,hdr,1,0.0,0.0,0.0,0.0,0.0
63,D:\gyeongsang_22_10_14\PATCHES\STACK_75_BANDS_14\hdr\background\102_791.HDR,hdr,0,1.0,0.0,0.0,1.0,1.0
13,D:\gyeongsang_22_10_14\PATCHES\STACK_75_BANDS_14_2\hdr\diseased\102_758.HDR,hdr,2,0.0,0.0,0.0,0.0,0.0
720,D:\gyeongsang_22_10_14\PATCHES\STACK_75_BANDS_14_2\hdr\leaf\89_826.HDR,hdr,1,0.0,0.0,0.0,0.0,1.0
489,D:\gyeongsang_22_10_14\PATCHES\STACK_75_BANDS_14_2\hdr\leaf\129_184.HDR,hdr,1,1.0,1.0,1.0,0.0,0.0
289,D:\gyeongsang_22_10_14\PATCHES\STACK_75_BANDS_14_2\hdr\leaf\115_213.HDR,hdr,1,1.0,0.0,1.0,0.0,0.0
347,D:\gyeongsang_22_10_14\PATCHES\STACK_75_BANDS_14\hdr\background\130_575.HDR,hdr,0,0.0,0.0,0.0,0.0,1.0
359,D:\gyeongsang_22_10_14\PATCHES\STACK_75_BANDS_14_2\hdr\leaf\116_516.HDR,hdr,1,1.0,1.0,0.0,0.0,1.0
546,D:\gyeongsang_22_10_14\PATCHES\STACK_75_BANDS_14\hdr\background\89_679.HDR,hdr,0,1.0,1.0,1.0,0.0,0.0
68,D:\gyeongsang_22_10_14\PATCHES\STACK_75_BANDS_14_2\hdr\diseased\88_376.HDR,hdr,2,1.0,1.0,1.0,1.0,1.0
370,D:\gyeongsang_22_10_14\PATCHES\STACK_75_BANDS_14_2\hdr\leaf\116_606.HDR,hdr,1,0.0,0.0,0.0,0.0,0.0
464,D:\gyeongsang_22_10_14\PATCHES\STACK_75_BANDS_14\hdr\background\88_657.HDR,hdr,0,0.0,0.0,1.0,0.0,0.0
106,D:\gyeongsang_22_10_14\PATCHES\STACK_75_BANDS_14\hdr\background\103_769.HDR,hdr,0,1.0,1.0,0.0,0.0,1.0
88,D:\gyeongsang_22_10_14\PATCHES\STACK_75_BANDS_14_2\hdr\leaf\101_118.HDR,hdr,1,0.0,1.0,0.0,1.0,0.0
210,D:\gyeongsang_22_10_14\PATCHES\STACK_75_BANDS_14\hdr\background\116_662.HDR,hdr,0,0.0,0.0,0.0,0.0,0.0
549,D:\gyeongsang_22_10_14\PATCHES\STACK_75_BANDS_14\hdr\background\89_867.HDR,hdr,0,1.0,1.0,1.0,1.0,1.0
489,D:\gyeongsang_22_10_14\PATCHES\STACK_75_BANDS_14\hdr\background\88_847.HDR,hdr,0,1.0,1.0,1.0,0.0,0.0
92,D:\gyeongsang_22_10_14\PATCHES\STACK_75_BANDS_14\hdr\background\103_576.HDR,hdr,0,0.0,0.0,0.0,1.0,0.0
141,D:\gyeongsang_22_10_14\PATCHES\STACK_75_BANDS_14\hdr\background\115_357.HDR,hdr,0,0.0,0.0,1.0,1.0,0.0
229,D:\gyeongsang_22_10_14\PATCHES\STACK_75_BANDS_14_2\hdr\leaf\103_273.HDR,hdr,1,0.0,1.0,0.0,0.0,0.0
287,D:\gyeongsang_22_10_14\PATCHES\STACK_75_BANDS_14_2\hdr\leaf\115_211.HDR,hdr,1,0.0,0.0,0.0,1.0,0.0
423,D:\gyeongsang_22_10_14\PATCHES\STACK_75_BANDS_14_2\hdr\leaf\117_302.HDR,hdr,1,0.0,0.0,0.0,0.0,0.0
501,D:\gyeongsang_22_10_14\PATCHES\STACK_75_BANDS_14_2\hdr\leaf\129_387.HDR,hdr,1,1.0,0.0,1.0,1.0,0.0
16,D:\gyeongsang_22_10_14\PATCHES\STACK_75_BANDS_14_2\hdr\diseased\103_313.HDR,hdr,2,1.0,0.0,0.0,0.0,1.0
250,D:\gyeongsang_22_10_14\PATCHES\STACK_75_BANDS_14\hdr\background\117_278.HDR,hdr,0,0.0,0.0,1.0,0.0,0.0
414,D:\gyeongsang_22_10_14\PATCHES\STACK_75_BANDS_14_2\hdr\leaf\117_238.HDR,hdr,1,0.0,0.0,0.0,0.0,0.0
691,D:\gyeongsang_22_10_14\PATCHES\STACK_75_BANDS_14_2\hdr\leaf\89_507.HDR,hdr,1,0.0,0.0,0.0,0.0,0.0
254,D:\gyeongsang_22_10_14\PATCHES\STACK_75_BANDS_14\hdr\background\117_313.HDR,hdr,0,0.0,0.0,0.0,0.0,0.0
74,D:\gyeongsang_22_10_14\PATCHES\STACK_75_BANDS_14_2\hdr\diseased\88_822.HDR,hdr,2,1.0,1.0,0.0,0.0,0.0
183,D:\gyeongsang_22_10_14\PATCHES\STACK_75_BANDS_14_2\hdr\leaf\102_532.HDR,hdr,1,1.0,0.0,0.0,0.0,1.0
550,D:\gyeongsang_22_10_14\PATCHES\STACK_75_BANDS_14_2\hdr\leaf\130_519.HDR,hdr,1,1.0,1.0,1.0,1.0,0.0
35,D:\gyeongsang_22_10_14\PATCHES\STACK_75_BANDS_14_2\hdr\diseased\116_698.HDR,hdr,2,1.0,1.0,0.0,0.0,0.0
474,D:\gyeongsang_22_10_14\PATCHES\STACK_75_BANDS_14\hdr\background\88_731.HDR,hdr,0,0.0,0.0,0.0,0.0,0.0
301,D:\gyeongsang_22_10_14\PATCHES\STACK_75_BANDS_14\hdr\background\129_414.HDR,hdr,0,1.0,0.0,0.0,0.0,1.0
21,D:\gyeongsang_22_10_14\PATCHES\STACK_75_BANDS_14_2\hdr\diseased\103_557.HDR,hdr,2,1.0,0.0,0.0,1.0,1.0
386,D:\gyeongsang_22_10_14\PATCHES\STACK_75_BANDS_14\hdr\background\87_844.HDR,hdr,0,0.0,0.0,1.0,1.0,0.0
64,D:\gyeongsang_22_10_14\PATCHES\STACK_75_BANDS_14_2\hdr\diseased\87_670.HDR,hdr,2,0.0,0.0,1.0,1.0,1.0
